road,length_km,start_lat,start_lon,end_lat,end_lon,start_name,end_name,passes_length,min_dist_to_main_m,connected_by_distance,selected,reason,selection_source
N102,82.682,23.4789716,91.1181938,24.0506111,91.1146667,Start of road from N1 Mainamati,Meet with N 2 at Sanail,True,2.835285689226931,True,True,length>25km and road comes close to N1/N2,distance_rule
N207,67.985,24.2948608,91.51025,24.6263327,91.6775271,Road start from N2 at Mirpur.,Road end with N2 at Mukti joddha Chattor Sherpur.,True,18.736990176144925,True,True,length>25km and road comes close to N1/N2,distance_rule
N208,57.495,24.4713604,91.7655556,24.8775549,91.8753604,Road Start from N207 infront of RHD,"Road end at Humayun Rashid Chattar, Intersection od N2 and N208",True,17.582904658979828,True,True,length>25km and road comes close to N1/N2,distance_rule
N104,49.63,23.0096667,91.3994163,22.8257493,91.1014444,Intersection with Z1031,Meet with Z1441& Z1405 at Sonapur.,True,9.07833926376408,True,True,length>25km and road comes close to N1/N2,distance_rule
N105,48.87,23.6904163,90.5466108,23.9895274,90.3582222,"Starts of road from N1,Dhaka teknaf road at Madanpur.","B.Bridge 83 km,Tangail 60 km / End of Road  Intersection at N4 at Joydebpur.",True,2.8307213614392204,True,True,length>25km and road comes close to N1/N2,distance_rule
N204,34.421,24.1479163,91.3466108,24.2673882,91.4771382,Road start from N2 at Jagannathganj.,Road End intersecting N2 at Shaistagonj Round About.,True,18.004812916667866,True,True,length>25km and road comes close to N1/N2,distance_rule
N106,66.85,22.3935552,91.8215827,22.6485274,92.2018333,Start of Road  from Oxygen  More,The road ends Infront of DC Bunglow,True,,False,True,required road for the expanded network,required
N5,526.033,23.7837774,90.3364163,26.6332216,88.4148333,Road Start From Mirpur Bridge Gabtoli,"End at N5 at Banglabandha Zero Point ,India Bangladesh Barder.",True,13898.358156186461,False,False,not selected,distance_rule_rejected
N7,249.665,23.7689716,89.7870552,22.5293327,89.5894441,Start of road from Dauladia Ferry Ghat Infront of 3NO Ghat.,"End of road at Digraj,Mongla,Bagerhat.",True,65950.79779222046,False,False,not selected,distance_rule_rejected
N6,232.244,23.9578056,89.6068889,24.84144964,88.14171634,Start of road from Kashinathpur more.Left -Nazirganj.,Road end at Balia Dighi Cheek Post Road Pav.Marking area..,True,89565.72375828926,False,False,not selected,distance_rule_rejected
N8,205.127,23.7021389,90.4353608,22.3597222,90.3186104,"Start of road Infront of Padma CNG Station ,Dholaipur,Jatrabari ,Dhaka.",End of road at Chowmatha and Intersect with R880 & Z8052.,True,919.6832196917538,False,False,not selected,distance_rule_rejected
N4,146.305,23.9893886,90.3818327,24.9230549,89.9501667,Road Start from N3,End of road Jamalpur Muktagacha round Intersection with Z4021,True,29120.195785303516,False,False,not selected,distance_rule_rejected
N3,111.583,23.8145833,90.4043056,24.7575,90.40675,Start of Road From the End of Banani Rail Crossing Over Pass,"Ganginar More,Shapla chattar & Intersect with Z3038",True,12707.47933454655,False,False,not selected,distance_rule_rejected
N805,110.633,23.3902219,89.9837497,22.7409163,89.6349441,Start from Bhanga More and Intersection of N805 and N804 &N8.,End of road at 805 (Katakhali Traffic More),True,58547.67398444552,False,False,not selected,distance_rule_rejected
N509,104.69,25.8698049,89.51025,26.4069444,88.9238327,"Start at Simultola Barobari from N 506, Lalmonirhat","End at BurimaryBorder, Burimary zero point India Bangladesh Border.",True,243633.44493556215,False,False,not selected,distance_rule_rejected
N704,81.538,23.5456941,89.1728604,24.1121389,89.1217216,Start at post office more and intersection at N 703 & N 704 Jhenaihah .,End of at Dasuria more infront of Zakir motors Pabna and intersection N 6 & N 704.,True,126874.11896530281,False,False,not selected,distance_rule_rejected
N809,67.815,22.685583,90.3568056,22.946333,90.8137222,"Start from N8 at Amtali Medical more,Barishal",End of Road with R140 at Bus stand Lakshmipur .,True,56479.13676687843,False,False,not selected,distance_rule_rejected
N502,63.29,24.821916,89.36275,24.4118889,88.9961108,Road start from N 5 at Jahangirabad Bogra,"End at Madrasha more,Natore.",True,156473.13643202267,False,False,not selected,distance_rule_rejected
N806,55.169,23.2135833,89.7100556,23.1609722,89.222666,Start at Bhatiapara intersect N805,"End at Traffic more island infront of Monihor Cinema hall and intersection of N707, Jessore",True,92697.73712158855,False,False,not selected,distance_rule_rejected
N507,51.26,24.4192216,89.5518056,24.2984163,89.0797771,Start from N 5 at Hatikamrul Round about,End at Banpara Round about. & Connect with N 6,True,120343.1913286094,False,False,not selected,distance_rule_rejected
N506,50.017,25.7161111,89.2623056,25.8130278,89.643333,"Start from N517 at park and more , Rangpur.",End at kurigram Shapla chattor and Meet with Z 5622 & Z 5621,True,231233.90587249587,False,False,not selected,distance_rule_rejected
N401,46.98,24.6071667,90.0287493,24.7636667,90.4060278,Road Start from N4 at Madhupur,Road End with Mymensingh Zero Point at Kacharir more and connecting R370.,True,91782.1166814517,False,False,not selected,distance_rule_rejected
N702,43.75,23.1665833,89.2095,23.4856663,89.4189716,"Start from Daratana more Traffic Island,Intersection with N-707,Jessore.",End road at Vaina more Magura &Meet with N-7,True,107217.63286490069,False,False,not selected,distance_rule_rejected
N706,38.2,23.1665278,89.2095278,23.0389441,88.8841663,"Start of Road From N707 at Daratana Traffic Island , Jessore.",End at Benapole Bordar.,True,139438.0289960321,False,False,not selected,distance_rule_rejected
N804,32.063,23.3903608,89.9838886,23.5883052,89.8086111,Start from Bhanga more at intersection N 8 N805 N804 Faridpur .,End at Rajbari Road more and Intersection with N7,True,57985.64119359729,False,False,not selected,distance_rule_rejected
N402,28.0,24.9718049,90.1785549,25.2005556,90.2242493,Road Start from R371 at Nakla.,End of road at Boarder Pillar.,True,123431.1903994287,False,False,not selected,distance_rule_rejected
N709,26.567,22.935583,89.4879719,22.7745827,89.6171104,Start from N 7 Afilgat Fultala Khulna,"End at Kadir Bottala More infront of Temple and Intersection at N7&,Tilokirupsha,Khulna.",True,129828.74778626642,False,False,not selected,distance_rule_rejected
N108,22.541,22.1021389,92.0740827,22.1960552,92.2176104,Start of road from N1 at Keranirhat,End of road Intersecting R161 at Bandarban,False,4.214079924832714,True,False,not selected,distance_rule_rejected
N603,21.03,24.3663889,88.7263882,24.3832216,88.5454163,Road start at Belpukur from N6.,End road at Kashidanga &Connect with R-680 Rajshahi.,False,189189.34235550198,False,False,not selected,distance_rule_rejected
N120,20.94,23.4772771,91.1361108,23.3581667,91.2534722,"Start of road N1 at Alaker Chor, Comilla.",End of road at Lalbag mor and meet with N1,False,31.337685356911432,True,False,not selected,distance_rule_rejected
N302,17.555,23.8805827,90.4011389,23.9379441,90.2698327,Road Start from N3,Road end  Intersecting N540 at Bipail more,False,19783.681336689187,False,False,not selected,distance_rule_rejected
N540,16.01,23.9135,90.2585,24.0475552,90.2388886,Road Start with N5 at Nabinagar.,Road End with N4 at Chandra.,False,29762.076829056903,False,False,not selected,distance_rule_rejected
N515,16.0,24.8057778,89.3836941,24.8888052,89.36025,"Start from N 5  Betgari more Shajahanpur, Bogra.",End at Matidali and meet with N 5 Bogra,False,161319.21875103164,False,False,not selected,distance_rule_rejected
N508,15.975,25.7565556,88.6736938,25.6215827,88.6347497,Start at Dosmile more infront of RHD distance sign boart Sharing Saidpur and Dinajpur.,End  of road at RHD km Sing board  Dinajpur 0km infront of D.C.office Dinajpur.,False,279604.4995406835,False,False,not selected,distance_rule_rejected
N309,13.303,24.740083,90.4249993,24.7822771,90.3442219,Road start from Z3033 at Kewat Khali By pass more.,"Road End with N401,madhupur-Mymensingh road.",False,86993.35134969866,False,False,not selected,distance_rule_rejected
N111,12.66,22.3934441,91.7491386,22.2984719,91.7922219,Start of road from N1,End od road at Chittagong port.,False,628.6529308563659,False,False,not selected,distance_rule_rejected
N501,11.942,23.7985552,90.3434163,23.8922497,90.3618056,Road start from Diabari More,The road ends intersecting N302 at Dhour,False,14466.037448115636,False,False,not selected,distance_rule_rejected
N513,11.88,23.8942774,89.6485274,23.8146944,89.7128333,"Start from N5 at Baderhat more,Bera Pabna",End at Khayerchar,False,75318.33481437975,False,False,not selected,distance_rule_rejected
N210,10.844,24.9162778,91.9495552,24.8479997,91.8967497,Road Start From N2 At Khadimnagar Bypass Point,Road End With N208 at Royal City Chottor,False,4.173158890432626,True,False,not selected,distance_rule_rejected
N107,10.542,22.3944163,91.891833,22.3159722,91.9235827,Start of Road from Kalurghat Bridge End,Intersection with N1 at Moneswartek.,False,9.262537389547242,True,False,not selected,distance_rule_rejected
N511,9.462,23.8508611,90.3410552,23.8976108,90.3313327,Road start from N 501 at Birulia,Road end with N 302 at Ashulia Bazar  Bus stand.,False,19174.858296350536,False,False,not selected,distance_rule_rejected
N705,9.453,24.0753604,89.0661667,24.1299993,89.1186938,Road Start infront of Ruppur Power Plant  Signboard  Ishwardi.,"End of road Infront of Bkash Sign Board at Intersection of N 704 & N705,Dasuria.",False,142658.35983557135,False,False,not selected,distance_rule_rejected
N715,9.225,22.6887219,89.0328882,22.669416,88.9468608,Start at Alipur intersection of Z 7602 & N 715,End at Border Bhomra,False,183236.34450698222,False,False,not selected,distance_rule_rejected
N514,8.67,24.8158333,89.3797216,24.8891663,89.3602778,"Start of Road from N5 at Banani, Bogra.","End at Matidali more and meet with  N5,Bogra.",False,163867.03650424455,False,False,not selected,distance_rule_rejected
N517,8.21,25.7095833,89.2610278,25.7647778,89.2315827,Start  from N 6 at Modern more Rangpur.,End at Medical more meet with N 5 Rangpur.,False,242995.70883125847,False,False,not selected,distance_rule_rejected
N123,8.06,22.8941386,91.5344719,22.8357497,91.5488886,Start of road from N1,"End of road Intersecting N1, Near filling station",False,27.50671315715435,True,False,not selected,distance_rule_rejected
N516,8.0,24.838833,88.9114167,24.8146111,88.9809993,"Start at bypass more, Intersection at R-545 &  N516 folimara Naogaon.","Road end at Shantahar bypass more, & Intersection with R-5454,Shantahar,Bogra.",False,192795.86657037158,False,False,not selected,distance_rule_rejected
N604,7.83,24.0073889,89.2587222,24.0322493,89.2258882,"Start at Traffic more Bus Stand Infront of Maa General Store and Intersection with N6,Pabna.",Road end Infront of NR CNG Filling Station at Gachpara more meet with N6.,False,125041.51916382166,False,False,not selected,distance_rule_rejected
N110,7.56,21.4259438,92.0232493,21.4359997,91.9715827,"Road Start from N1 at Teknaff 79 Km Cox,s Bazar 8 Km.",Infor.missing,False,12.662806782806902,True,False,not selected,distance_rule_rejected
N404,6.489,24.2425552,89.9404719,24.2836386,89.9172771,Road start from N4,Road end with N4 at Bypass more.,False,78546.3824383536,False,False,not selected,distance_rule_rejected
N707,6.35,23.179666,89.194583,23.1439163,89.2365552,"Start from palbari more Triffic island  and Intersection at N707 & N708 infront of Royal community Center, Jossore.",Km post missing,False,138083.21709495716,False,False,not selected,distance_rule_rejected
N712,6.15,23.5427774,89.1904997,23.5230549,89.1696104,"Start of road at Central busterminal more intersect N 7, N 730.",End at By pass more inter sect with N 7,False,128917.48077331268,False,False,not selected,distance_rule_rejected
N803,6.13,23.6001111,89.8273882,23.6322771,89.8548333,Start from Bhonga Rastar more Goalcimot.,End at Shahid Shrbhan ghat.,False,60491.84850050089,False,False,not selected,distance_rule_rejected
N101,6.021,23.4541389,91.2128611,23.4593056,91.2533889,Start of Road from N120 at Balutopa,End of road Bibir bazar Bridge,False,4916.44138414016,False,False,not selected,distance_rule_rejected
N602,5.64,24.4105833,90.0080278,24.4065833,89.9568056,"Road start N-6 at New Bus Stand More, Harishpur,Natore.","Road end & Connect with N6 at Belghoria Bypass more ,Natore.",False,87647.42182428179,False,False,not selected,distance_rule_rejected
N504,5.587,23.9580556,89.6071944,23.9427497,89.6521389,"Start at Kashinathpur Round About and Intersection at N6,N5 and N504,Bera,Pabna.",Road was Broken by River Wave,False,84675.10539639533,False,False,not selected,distance_rule_rejected
N808,5.3,23.5889163,89.8094167,23.5677771,89.8514444,Start of road from N 804 at Goalchamat infront of upazila Porishod.,End of road at Munshibazar intersect with N 804 Faridpur,False,62222.28720020336,False,False,not selected,distance_rule_rejected
N801,4.825,22.657,90.3617222,22.6888052,90.390333,Start of Road from N8 in front of Barisal university,End of road and intersect with N809,False,98412.77902098086,False,False,not selected,distance_rule_rejected
N103,4.779,23.9570278,91.1155278,23.9968886,91.1092778,Road  start from N102 at Kuatali.,Intersection with N102 at Ghaturia.,False,5853.04963494049,False,False,not selected,distance_rule_rejected
N708,4.75,23.1811382,89.1911108,23.161,89.2226382,"Start from Koroytala.Varkarzo more from N-7 Palbari,Jessore",End of road at Monihar Cinema Hall More,False,138105.30066423147,False,False,not selected,distance_rule_rejected
N405,4.636000000000003,24.4228049,89.5963608,24.4190827,89.5518056,"R541, Start Sirajganj Div.","Road end with Hatikamrul more  Intersection with N5, N507 & N405.",False,117248.21049281434,False,False,not selected,distance_rule_rejected
N802,4.552,23.7129167,90.4036389,23.6749993,90.4052222,Road start from approach of Babu Bazar Bridge.,Road end with N8,False,4113.199594579081,False,False,not selected,distance_rule_rejected
N505,4.4,23.892583,89.6530278,23.8635833,89.6811938,"Start at Hanif more intersection at N5 Baderhat, bera, Pabna.",River ( Maldharhar),False,79502.44685995534,False,False,not selected,distance_rule_rejected
N518,4.16,25.7808882,88.9160833,25.7732493,88.8760827,Start of road at Sutkir more intersection with N 5 Nilphamari,"End at Sonapukur more and in front  & Mina sigtcu board intersection with of  N 5, & N 518 Sayedpur.",False,271461.19983959594,False,False,not selected,distance_rule_rejected
N403,3.732,24.0964997,90.1162222,24.1073611,90.0856108,"Road start from N4 at Bypass more ,Deohata Mirzapur,Tangail.","Road End with N4 at Kustokumari,Chorpara,Tangail",False,54689.84883234644,False,False,not selected,distance_rule_rejected
N711,3.58,23.0399163,88.8886663,23.0476941,88.9162222,"Start of road from N706 at Anser Camp, Benapole, Jessore","End of road at Post office more, Benapole and intersect with N706",False,172200.56448483988,False,False,not selected,distance_rule_rejected
N408,3.532,24.2092778,89.9802493,24.2284716,89.96125,The road starts from N4 at Kartikpara.,Thr roads ends Intersecting N4 at Khudirampur.,False,73114.01657430374,False,False,not selected,distance_rule_rejected
N703,3.49,23.5425274,89.1906108,23.5324716,89.170916,"Road Start from Jhenaidah Central Bus Terminal and intersection at N7 and N703,Jhenaidah.",End at Hamdah Bus Stand intersect with N 712 & N 703 Jhenaidah.,False,128910.31317512089,False,False,not selected,distance_rule_rejected
N503,3.269,23.8435552,89.8113333,23.8359441,89.7807771,Road start with N 5 at Utholi.,Road end with Aricha ghat.,False,66104.48718382748,False,False,not selected,distance_rule_rejected
N406,3.042,24.06058243841464,90.22557453155488,24.0793049,90.2081944,The road starts from N4 near IT park Gate,The road ends intersecting N4 at Kaliakoir,False,45216.083070570254,False,False,not selected,distance_rule_rejected
N605,2.96,24.3684438,88.5811104,24.3745549,88.6040556,Start from CEB more from N6,"Conn. With R680, At Bahide more",False,201024.73182272303,False,False,not selected,distance_rule_rejected
N129,2.79,22.5226382,91.7040833,22.5015833,91.7134722,Start of road from N1,End of road Intersecting N1,False,41.80770773831989,True,False,not selected,distance_rule_rejected
N510,2.784,24.8480552,89.3726938,24.8417774,89.3472219,"Start from N 514 at Satmatha more, Bogra.","End at reen Matha more and meet with N5, Bogra.",False,167039.43370137384,False,False,not selected,distance_rule_rejected
N112,2.72,23.0091944,91.3693882,23.0318604,91.3742493,Start of from N104 at Pach Gachia mor,Start of road at Dewangonj mor meet with Z1031,False,35.35549637116911,True,False,not selected,distance_rule_rejected
N520,2.601,24.3049167,89.5652222,24.3246104,89.5627778,"Start at Kawok more intersection at N5, Ullapara ,Sirajganj.","End at srikola more and intersection N5, Ullapara, Sirajganj.",False,111312.57416761278,False,False,not selected,distance_rule_rejected
N109,2.51,21.4433608,92.1014722,21.4284716,92.0953052,Road Start from N1 at after Ramu Hospital.,Road end with Khalekuzzaman Chattar at N1.,False,11.905136734941447,True,False,not selected,distance_rule_rejected
N205,2.478,24.8677771,91.8571111,24.886083,91.8680827,Road start from N2 at Chandipool.,The road end Intersecting N208 Near the Bridge,False,60.88353224451045,True,False,not selected,distance_rule_rejected
N119,2.38,23.4914441,90.9936108,23.4867774,91.0128056,"Start of road from N1 at Palki Chinema Hall , Chandin, Comilla.",Box Culvert,False,148.40391150841432,True,False,not selected,distance_rule_rejected
N407,2.206,24.2223049,89.9781104,24.2307493,89.9929719,The road starts from N408 at Karatia Bazar,The road ends Intersecting Z4012 at Bangra,False,74149.97231812257,False,False,not selected,distance_rule_rejected
N206,1.797,24.8859441,91.868166,24.8939441,91.8783049,"Road start at Keean bridge More ,intersection of N209, R250, N205 anf N206",Road End with N2 at Nyarpool,False,24.3482582179694,True,False,not selected,distance_rule_rejected
N209,1.33,24.8775549,91.8753604,24.8859441,91.868166,Start of the Road at Humayun Rashid Chattar Intersection between N2 and N209  ,"Road End at Keean bridge More at Intersection of N205, R250 , N209 and N206",False,17.582904658979828,True,False,not selected,distance_rule_rejected
N128,1.297,22.624666,91.6548056,22.61475,91.6608611,Start of road from N1,End of road,False,23.369513115919943,True,False,not selected,distance_rule_rejected
N303,1.009,24.6712771,90.4035833,24.6784993,90.4071667,The Road starts from N3 before Churkhai Bazar,The Road ends intersecting N3 after Churkhai Bazar,False,83043.32442063058,False,False,not selected,distance_rule_rejected
N701,1.0,23.7689716,89.7870552,23.7651389,89.7805549,Start of road from N7 at Dauladia Ferry Ghate.,End of road and meet with N7,False,67127.69971741794,False,False,not selected,distance_rule_rejected
N203,0.975,24.0537222,90.9875552,24.05075,90.9951108,Road start from N2 at Bhairab.,The road ends at Old Ferryghat.,False,32.02970697829235,True,False,not selected,distance_rule_rejected
N710,0.4,22.8179993,89.5595833,22.8163889,89.5628056,"Start from N-7 at ferryghate more near Khan Jahan Ali road infornt of Motor Bus Somity, Khulna",End of road at Dakbangla more (Khulna),False,133704.19402736815,False,False,not selected,distance_rule_rejected
