bridge_id,bridge_name,road_name,condition,length,is_broken,total_wait_time
1,Box Culvert,N1,Unknown,8.000000000000007,False,0.0
5,Box culvert,N1,A,870.0000000000001,False,0.0
14,Kachpur bridge,N1,Unknown,418.000000000001,False,0.0
15,Bridge end,N1,A,73.99999999999984,False,0.0
19,Box culvert,N1,B,347.999999999999,False,0.0
20,Box culvert,N1,A,414.0000000000015,False,0.0
21,Box culvert,N1,A,125.99999999999945,False,0.0
23,Box culvert,N1,A,428.0000000000008,False,0.0
24,Box culvert,N1,A,183.9999999999993,False,0.0
26,Bridge start,N1,A,26.000000000001577,False,0.0
27,Bridge end,N1,A,164.99999999999915,False,0.0
30,Box culvert,N1,A,851.9999999999985,False,0.0
33,Box culvert,N1,Unknown,960.9999999999984,False,0.0
36,Langalbandhu bridge,N1,Unknown,160.00000000000014,False,0.0
37,Bridge end,N1,Unknown,121.99999999999989,False,0.0
39,Bridge start,N1,C,21.0000000000008,False,0.0
40,Bridge end,N1,C,352.00000000000034,False,0.0
41,Bridge start,N1,A,30.000000000001137,False,0.0
42,Bridge end,N1,A,289.99999999999915,False,0.0
44,Bridge start,N1,B,41.00000000000037,True,108286.88986944554
45,Bridge end,N1,A,620.000000000001,False,0.0
47,Box culvert,N1,C,643.0000000000007,True,6739.399154471489
48,Box culvert,N1,B,3.0000000000001137,False,0.0
51,Bridge start,N1,B,100.00000000000142,False,0.0
52,Bridge end,N1,B,82.00000000000074,False,0.0
54,Box culvert,N1,A,130.00000000000256,False,0.0
56,Bridge start,N1,B,227.999999999998,False,0.0
57,Bridge end,N1,B,259.00000000000034,False,0.0
58,Bridge start,N1,B,121.99999999999989,False,0.0
59,Bridge end,N1,B,255.00000000000256,False,0.0
61,Meghna  bridge,N1,A,65.00000000000128,False,0.0
63,Bridge end,N1,A,126.00000000000122,False,0.0
66,Box culvert,N1,A,673.9999999999995,False,0.0
67,Box culvert,N1,A,316.0000000000025,False,0.0
69,Bridge start,N1,A,126.00000000000122,False,0.0
71,Bridge end,N1,A,656.0000000000024,False,0.0
72,Bridge start,N1,A,38.999999999997925,True,108722.30628596061
73,Bridge end,N1,A,396.0000000000008,False,0.0
75,Bridge start,N1,A,45.999999999999375,False,0.0
76,Bridge end,N1,A,646.0000000000008,False,0.0
78,Bridge start,N1,A,38.000000000000256,False,0.0
79,Bridge end,N1,A,532.0,False,0.0
80,Bridge start,N1,A,38.000000000000256,False,0.0
81,Bridge end,N1,A,39.00000000000148,False,0.0
84,Bridge start,N1,A,40.0000000000027,False,0.0
85,Bridge end,N1,A,394.9999999999996,False,0.0
87,Box culvert,N1,A,582.0000000000007,False,0.0
89,Bridge start,N1,A,76.99999999999818,False,0.0
90,Bridge end,N1,A,442.9999999999978,False,0.0
91,Box culvert,N1,A,256.0000000000002,False,0.0
94,Bridge start,N1,A,39.99999999999915,False,0.0
95,Bridge end,N1,A,275.0000000000057,False,0.0
96,Box culvert,N1,A,650.9999999999962,False,0.0
98,Daudkandi bridge,N1,A,335.9999999999985,False,0.0
101,Daudkandi bridge,N1,Unknown,354.9999999999969,False,0.0
104,Bridge start,N1,Unknown,17.000000000003013,False,0.0
105,Bridge end,N1,Unknown,46.99999999999704,False,0.0
107,Box culvert,N1,C,487.0000000000019,True,6753.504175419096
111,Bridge start,N1,Unknown,16.999999999995907,False,0.0
112,Bridge end,N1,Unknown,24.00000000000091,False,0.0
116,Box culvert,N1,Unknown,814.9999999999977,False,0.0
120,Box culvert,N1,C,107.999999999997,False,0.0
124,Bridge start,N1,Unknown,20.000000000003126,False,0.0
125,Bridge end,N1,Unknown,576.9999999999982,False,0.0
128,Bridge start,N1,Unknown,15.999999999998238,False,0.0
129,Bridge end,N1,Unknown,390.00000000000057,False,0.0
132,Box culvert,N1,Unknown,632.9999999999956,False,0.0
137,Bridge start,N1,C,42.00000000000159,False,0.0
138,Bridge end,N1,Unknown,101.99999999999676,False,0.0
142,Box culvert,N1,Unknown,77.99999999999585,False,0.0
145,Box culvert,N1,Unknown,88.99999999999864,False,0.0
150,Box culvert,N1,Unknown,351.9999999999968,False,0.0
151,Box culvert,N1,B,375.0,False,0.0
155,Box culvert,N1,Unknown,182.99999999999272,False,0.0
158,Box culvert,N1,A,305.9999999999974,False,0.0
165,Bridge start,N1,C,30.000000000001137,False,0.0
166,Bridge end,N1,Unknown,197.9999999999933,False,0.0
170,Box culvert,N1,B,140.99999999999113,False,0.0
172,Box culvert,N1,B,128.99999999999068,False,0.0
177,Box culvert,N1,C,55.999999999997385,False,0.0
181,Box culvert,N1,B,486.9999999999948,True,6711.274375436388
183,Box culvert,N1,A,27.999999999991587,False,0.0
186,Box culvert,N1,A,435.9999999999928,False,0.0
193,Bridge start,N1,Unknown,24.00000000000091,False,0.0
194,Bridge end,N1,Unknown,209.9999999999937,False,0.0
200,Bridge start,N1,Unknown,37.00000000000614,False,0.0
201,Bridge end,N1,Unknown,507.9999999999956,False,0.0
206,Bridge start,N1,Unknown,27.999999999991587,False,0.0
207,Bridge end,N1,Unknown,460.9999999999985,False,0.0
211,Box culvert,N1,Unknown,980.000000000004,False,0.0
213,Bridge start,N1,Unknown,28.99999999999636,False,0.0
214,Bridge end,N1,Unknown,799.0000000000066,False,0.0
217,Box culvert,N1,Unknown,891.9999999999959,False,0.0
218,Box culvert,N1,Unknown,15.000000000000568,False,0.0
219,Box culvert,N1,Unknown,82.99999999999841,False,0.0
221,Bridge start,N1,Unknown,30.000000000001137,False,0.0
222,Bridge end,N1,Unknown,72.00000000000273,False,0.0
225,Box culvert,N1,A,904.0000000000106,False,0.0
227,Bridge start,N1,Unknown,24.00000000000091,False,0.0
228,Bridge end,N1,Unknown,609.9999999999994,False,0.0
230,Box culvert,N1,C,313.0000000000024,False,0.0
233,Bridge start,N1,Unknown,44.00000000001114,False,0.0
234,Bridge end,N1,Unknown,143.00000000000068,False,0.0
238,Bridge start,N1,Unknown,10.000000000005116,False,0.0
239,Bridge end,N1,Unknown,917.0000000000016,False,0.0
241,Bridge start,N1,A,19.000000000005457,False,0.0
242,Bridge end,N1,A,597.999999999999,False,0.0
243,Box culvert,N1,B,112.99999999999956,False,0.0
245,Box culvert,N1,B,453.00000000000296,False,0.0
247,Bridge start,N1,A,14.000000000010004,False,0.0
248,Bridge end,N1,A,466.9999999999988,False,0.0
250,Box culvert,N1,A,498.0000000000047,False,0.0
252,Box culvert,N1,Unknown,225.9999999999991,False,0.0
255,Box culvert,N1,Unknown,277.000000000001,False,0.0
256,Box culvert,N1,B,202.9999999999888,False,0.0
257,Box culvert,N1,B,404.0000000000106,False,0.0
259,Box culvert,N1,B,844.0000000000083,False,0.0
261,Box culvert,N1,B,186.00000000000705,False,0.0
262,Bridge start,N1,B,22.99999999999613,False,0.0
263,Bridge end,N1,B,346.9999999999942,False,0.0
264,Box culvert,N1,B,270.00000000001023,True,11742.485572688674
266,Box culvert,N1,B,816.9999999999931,False,0.0
267,Box culvert,N1,A,20.000000000010232,False,0.0
269,Box culvert,N1,B,447.9999999999933,False,0.0
270,Box culvert,N1,B,237.00000000000892,True,11717.190406086766
273,Box culvert,N1,A,222.0000000000084,False,0.0
275,Box culvert,N1,B,282.0000000000107,False,0.0
277,Box culvert,N1,A,228.9999999999992,False,0.0
279,Box culvert,N1,A,135.00000000000512,False,0.0
281,Bridge start,N1,C,12.000000000000457,False,0.0
282,Bridge end,N1,C,465.0000000000034,False,0.0
284,Box culvert,N1,Unknown,515.0000000000006,False,0.0
286,Bridge start,N1,Unknown,13.999999999995794,False,0.0
287,Bridge end,N1,Unknown,439.9999999999977,False,0.0
289,Box culvert,N1,Unknown,207.9999999999984,False,0.0
292,Box culvert,N1,B,99.00000000001796,False,0.0
294,Box culvert,N1,B,579.0000000000077,False,0.0
296,Box culvert,N1,B,897.9999999999961,False,0.0
298,Box culvert,N1,A,675.0000000000114,False,0.0
299,Box culvert,N1,A,254.99999999999545,False,0.0
301,Box culvert,N1,B,27.999999999991587,False,0.0
304,Box culvert,N1,A,719.9999999999989,False,0.0
305,Box culvert,N1,A,204.99999999998408,False,0.0
307,Box culvert,N1,B,550.0000000000114,False,0.0
308,Box culvert,N1,B,81.99999999999363,False,0.0
310,Box culvert,N1,A,311.9999999999834,False,0.0
312,Box culvertt,N1,B,527.0000000000152,False,0.0
313,Bridge start,N1,A,16.999999999995907,False,0.0
314,Bridge end,N1,A,193.00000000001205,False,0.0
316,Box culvert,N1,B,234.00000000000887,False,0.0
319,Box Culvert,N1,B,18.000000000000682,False,0.0
325,Box culvert,N1,Unknown,336.00000000001273,False,0.0
328,Box culvert,N1,A,287.00000000000614,False,0.0
332,Box culvert,N1,Unknown,723.9999999999895,False,0.0
333,Box culvert,N1,A,125.0,False,0.0
338,Bridge start,N1,A,22.99999999999613,False,0.0
339,Bridge end,N1,A,917.0000000000016,False,0.0
347,Bridge start,N1,C,109.00000000000888,True,122714.35558194753
348,Bridge end,N1,C,110.99999999999,False,0.0
357,Bridge start,N1,B,211.0000000000128,True,4246.595060300788
358,Bridge end,N1,B,508.9999999999861,False,0.0
365,Bridge start,N1,A,227.99999999998025,False,0.0
366,Bridge end/Start of Chittagong Road Division / Bridge end/Start of Chittagong Road Division,N1,A,638.0000000000052,False,0.0
368,Box culvert,N1,A,536.0000000000014,False,0.0
373,Box culvert,N1,A,62.99999999998818,False,0.0
375,Km post missing / Box culvert,N1,Unknown,914.999999999992,False,0.0
376,Box culvert,N1,A,85.00000000000796,False,0.0
378,Box culvert,N1,A,556.0000000000116,False,0.0
379,Box culvert,N1,A,281.99999999998226,False,0.0
381,Box culvert,N1,A,177.00000000002092,False,0.0
382,Box culvert,N1,A,246.99999999998568,False,0.0
384,Box culvert,N1,A,113.00000000002797,False,0.0
385,Box culvert,N1,A,721.99999999998,False,0.0
387,Bridge start,N1,A,10.000000000019329,False,0.0
388,Bridge end,N1,A,379.99999999999545,False,0.0
389,Box culvert,N1,A,240.0000000000091,False,0.0
390,Box culvert,N1,A,352.9999999999802,False,0.0
392,Pipe culvert,N1,A,686.000000000007,False,0.0
394,Box culvert,N1,C,127.9999999999859,False,0.0
397,Box culvert,N1,B,406.0000000000059,False,0.0
398,Box culvert,N1,B,252.00000000000955,False,0.0
399,Box culvert,N1,Unknown,1.999999999981128,False,0.0
401,Box culvert,N1,Unknown,844.9999999999989,False,0.0
403,Box Culvert,N1,A,472.0000000000084,True,4284.578126460217
404,Box culvert,N1,Unknown,34.99999999999659,False,0.0
406,Bridge start,N1,B,6.000000000000227,False,0.0
408,Bridge end,N1,B,485.99999999999,False,0.0
410,Box culvert,N1,A,24.00000000000091,False,0.0
412,Box culvert,N1,A,2.0000000000095497,False,0.0
413,Box culvert,N1,A,528.9999999999964,False,0.0
415,Box culvert,N1,A,546.999999999997,False,0.0
417,Bridge start,N1,A,23.00000000002456,False,0.0
418,Bridge end,N1,A,156.99999999998226,False,0.0
420,Box culvert,N1,A,768.0000000000007,False,0.0
422,Box culvert,N1,B,967.9999999999892,False,0.0
424,Box culvert,N1,Unknown,987.9999999999995,False,0.0
426,Box culvert,N1,A,460.9999999999843,False,0.0
428,Box culvert,N1,A,74.99999999998863,False,0.0
429,Box culvert,N1,A,215.0000000000034,False,0.0
431,Box culvert,N1,C,606.9999999999993,False,0.0
432,Box Culvert,N1,Unknown,137.00000000000043,False,0.0
434,Box culvert,N1,Unknown,342.00000000001296,False,0.0
435,Box culvert,N1,A,381.0000000000002,False,0.0
436,Box culvert,N1,A,219.9999999999989,False,0.0
438,Box culvert,N1,A,216.00000000000816,False,0.0
440,Box culvert,N1,A,543.9999999999827,False,0.0
441,Box culvert,N1,A,317.0000000000073,False,0.0
443,Box culvert,N1,A,230.9999999999945,False,0.0
444,Box culvert,N1,A,99.00000000001796,False,0.0
447,Box culvert,N1,A,506.0000000000002,False,0.0
448,Box culvert,N1,A,370.00000000000455,False,0.0
450,Box culvert,N1,A,540.0000000000205,False,0.0
451,Box culvert,N1,A,322.0000000000028,False,0.0
453,Box culvert,N1,A,208.9999999999748,False,0.0
454,Box culvert,N1,A,411.00000000000136,False,0.0
456,Box culvert,N1,A,462.99999999999386,False,0.0
457,Box culvert,N1,A,469.99999999999886,False,0.0
459,Box culvert,N1,A,86.99999999998909,False,0.0
461,Box culvert,N1,A,782.0000000000107,False,0.0
462,Box culvert,N1,A,82.99999999999841,False,0.0
464,Box culvert,N1,A,332.9999999999984,True,4275.035977420226
465,Box culvert,N1,A,163.0000000000109,False,0.0
466,Bridge start,N1,A,20.000000000010232,False,0.0
467,Bridge end / Box culvert,N1,A,252.9999999999859,False,0.0
468,Box culvert,N1,A,91.0000000000082,False,0.0
470,Box culvert,N1,A,611.9999999999948,False,0.0
471,Box culvert,N1,A,372.0000000000141,False,0.0
473,Box culvert,N1,A,951.9999999999982,False,0.0
475,Box culvert,N1,A,115.0000000000091,False,0.0
476,Box culvert,N1,B,48.99999999997817,False,0.0
477,Box culvert,N1,B,681.0000000000116,False,0.0
478,Box culvert,N1,A,25.000000000005684,False,0.0
480,Box culvert,N1,C,757.000000000005,False,0.0
482,Bridge start,N1,A,26.00000000001046,False,0.0
483,Bridge end,N1,A,342.9999999999893,False,0.0
485,Box culvert,N1,A,182.99999999999272,False,0.0
487,Bridge start,N1,A,18.000000000000682,False,0.0
488,Bridge end,N1,A,604.9999999999898,False,0.0
490,Box culvert,N1,A,275.0000000000057,False,0.0
491,Bridge start,N1,A,14.000000000010004,False,0.0
492,Bridge end,N1,A,216.9999999999845,True,4255.658145345978
493,Box culvert,N1,A,316.0000000000025,True,4323.039801756177
496,Bridge start,N1,A,31.00000000000591,False,0.0
497,Bridge end,N1,A,824.9999999999886,False,0.0
499,Box culvert,N1,A,882.000000000005,False,0.0
501,Box culvert,N1,A,909.9999999999966,False,0.0
503,Bridge start,N1,B,18.000000000000682,False,0.0
504,Bridge end,N1,B,64.99999999999773,False,0.0
506,Bridge start,N1,A,45.00000000001592,False,0.0
507,Bridge end,N1,Unknown,181.99999999998795,False,0.0
508,Box culvert,N1,A,193.9999999999884,False,0.0
509,Bridge start,N1,A,40.99999999999682,True,67543.1735468678
510,Bridge end,N1,A,262.00000000000045,False,0.0
512,Bridge start,N1,A,12.000000000000457,False,0.0
513,Bridge end,N1,A,239.00000000000432,True,4265.743626734381
514,Bridge start,N1,A,18.000000000000682,False,0.0
515,Bridge end,N1,A,530.0000000000011,False,0.0
516,Box culvert,N1,A,56.99999999998795,False,0.0
518,Bridge start,N1,B,19.000000000005457,False,0.0
519,Bridge end,N1,A,295.99999999999227,False,0.0
521,Box culvert,N1,A,174.0000000000066,False,0.0
523,Box culvert,N1,B,600.9999999999991,False,0.0
524,Bridge start,N1,B,25.000000000005684,False,0.0
525,Bridge end,N1,B,88.99999999999864,False,0.0
527,Box culvert,N1,A,135.99999999999568,False,0.0
530,Bridge start,N1,B,26.00000000001046,False,0.0
531,Bridge end,N1,B,807.9999999999927,False,0.0
534,Bridge start,N1,A,30.99999999997749,False,0.0
535,Bridge end,N1,A,925.0000000000114,False,0.0
537,Box culvert,N1,A,311.00000000000705,False,0.0
538,Bridge start,N1,Unknown,42.999999999977945,False,0.0
539,Bridge end,N1,Unknown,449.0000000000123,False,0.0
542,Bridge start,N1,B,38.000000000010914,False,0.0
543,Bridge end,N1,B,796.999999999997,False,0.0
546,Box culvert,N1,Unknown,1.999999999981128,False,0.0
550,Bridge start,N1,A,7.000000000005002,False,0.0
551,Bridge end,N1,A,489.0000000000043,False,0.0
554,Box culvert,N1,A,350.9999999999991,False,0.0
555,Bridge start,N1,A,58.9999999999975,False,0.0
556,Bridge end,N1,A,313.9999999999929,False,0.0
558,Box culvert,N1,A,375.0,False,0.0
560,Bridge start,N1,A,19.000000000005457,False,0.0
561,Bridge end,N1,Unknown,544.9999999999875,False,0.0
567,Box culvert,N1,C,830.9999999999889,False,0.0
569,Bridge start,N1,A,14.000000000010004,False,0.0
570,Bridge end,N1,A,914.999999999992,False,0.0
572,Bridge start,N1,B,44.00000000001114,False,0.0
573,Bridge end,N1,B,406.9999999999823,False,0.0
575,Bridge start,N1,B,44.99999999998749,False,0.0
576,Bridge end,N1,B,80.0000000000125,False,0.0
577,Bridge start,N1,B,46.99999999999704,False,0.0
578,Bridge end,N1,B,775.999999999982,False,0.0
580,Shah Amanath (Karnaphuli) Bridge,N1,A,790.9999999999968,False,0.0
582,Bridge end,N1,Unknown,702.0000000000266,False,0.0
583,Bridge start,N1,A,15.999999999991132,False,0.0
584,Bridge end,N1,A,44.99999999998749,False,0.0
588,Box culvert,N1,C,146.99999999999136,False,0.0
590,Box culvert,N1,A,308.9999999999975,False,0.0
591,Box culvert,N1,A,293.0000000000064,False,0.0
593,Box culvert,N1,A,426.9999999999925,False,0.0
596,Box culvert,N1,A,447.00000000000273,False,0.0
597,Box culvert,N1,A,262.00000000000045,False,0.0
598,Bridge start,N1,A,66.99999999997885,False,0.0
600,Bridge end,N1,A,263.00000000000523,False,0.0
601,Box Culvert,N1,B,688.999999999993,False,0.0
605,Box culvert,N1,B,454.0000000000077,False,0.0
607,Box culvert,N1,A,871.9999999999857,False,0.0
609,Box culvert,N1,A,424.0000000000066,False,0.0
611,Box culvert,N1,A,167.99999999997794,False,0.0
612,Box culvert,N1,A,521.000000000015,False,0.0
613,Box culvert,N1,A,121.00000000003774,False,0.0
616,Box culvert,N1,A,250.0,False,0.0
619,Box culvert,N1,A,392.99999999997226,False,0.0
622,Bridge start,N1,B,52.00000000002092,False,0.0
623,Bridge end,N1,B,21.99999999999136,False,0.0
626,Slab Culvert,N1,Unknown,166.00000000005366,False,0.0
630,Box culvert,N1,A,21.000000000015007,False,0.0
633,Bridge start,N1,B,72.00000000000273,False,0.0
634,Bridge end,N1,B,25.000000000034102,False,0.0
637,Box Culvert,N1,B,925.0000000000114,False,0.0
639,Box culvert,N1,A,270.00000000003865,False,0.0
640,Box culvert,N1,A,515.9999999999627,False,0.0
642,Bridge start,N1,B,14.000000000010004,False,0.0
643,Bridge end,N1,B,233.99999999998045,False,0.0
644,Box Culvert,N1,B,125.99999999997635,False,0.0
646,Box culvert,N1,A,267.99999999997226,False,0.0
647,Box culvert,N1,A,329.00000000000773,False,0.0
649,Box culvert,N1,A,656.9999999999823,False,0.0
651,Box culvert,N1,A,478.999999999985,False,0.0
652,Box culvert,N1,A,139.00000000001,False,0.0
654,Box culvert,N1,B,178.99999999997362,False,0.0
655,Bridge start,N1,B,14.000000000010004,False,0.0
656,Bridge end,N1,B,216.00000000000816,False,0.0
658,Bridge start,N1,B,12.000000000000457,False,0.0
659,Bridge end,N1,B,437.0000000000118,False,0.0
660,Box culvert,N1,A,538.9999999999873,False,0.0
662,Box culvert,N1,A,515.0000000000432,False,0.0
665,Bridge start,N1,C,54.99999999994998,True,124130.55419119388
666,Bridge end,N1,C,286.00000000000136,False,0.0
667,Bridge start,N1,C,12.000000000000457,False,0.0
668,Bridge end,N1,C,105.0000000000182,False,0.0
674,Box culvert,N1,B,178.99999999997362,False,0.0
678,Bridge start,N1,B,217.00000000004133,False,0.0
679,Bridge end,N1,B,267.99999999997226,False,0.0
681,Bridge start,N1,A,9.000000000014552,False,0.0
682,Bridge end,N1,A,206.00000000001728,False,0.0
685,Box Culvert,N1,A,501.0000000000332,False,0.0
686,Box Culvert,N1,A,161.00000000000136,False,0.0
688,Bridge start,N1,A,61.00000000003547,False,0.0
689,Bridge end,N1,A,223.9999999999896,False,0.0
690,Bridge start,N1,A,31.00000000000591,False,0.0
691,Bridge end,N1,A,484.9999999999568,False,0.0
693,Box culvert,N1,A,388.9999999999532,True,4303.354915302435
694,Box culvert,N1,A,600.9999999999991,False,0.0
696,Box culvert,N1,A,717.9999999999609,False,0.0
699,Box culvert,N1,A,250.0,False,0.0
702,Box culvert,N1,A,222.00000000003683,False,0.0
705,Box culvert,N1,A,418.0000000000064,False,0.0
707,Box culvert,N1,A,699.9999999999886,False,0.0
709,Bridge start,N1,A,33.00000000001546,False,0.0
710,Bridge end,N1,A,177.00000000002092,False,0.0
712,Bridge start,N1,A,45.00000000001592,False,0.0
713,Bridge end,N1,A,379.99999999999545,False,0.0
714,Box culvert,N1,A,9.000000000014552,False,0.0
716,Box culvert,N1,A,514.9999999999864,False,0.0
717,Box culvert,N1,A,62.00000000001182,False,0.0
719,Box culvert,N1,A,438.9999999999645,False,0.0
721,Box culvert,N1,A,136.0000000000241,False,0.0
723,Box culvert,N1,A,96.99999999998,False,0.0
725,Box culvert,N1,A,377.9999999999859,False,0.0
726,Bridge start,N1,A,55.00000000000682,False,0.0
728,Bridge end,N1,A,899.0000000000009,False,0.0
730,Box culvert,N1,A,923.0000000000018,False,0.0
732,Box culvert,N1,A,48.99999999997817,False,0.0
734,Box culvert,N1,A,540.0000000000205,False,0.0
735,Box culvert,N1,A,16.000000000019554,False,0.0
737,Box culvert,N1,A,16.999999999995907,False,0.0
738,Box culvert,N1,A,434.0000000000259,False,0.0
739,Bridge start,N1,A,60.000000000002274,False,0.0
740,Bridge end,N1,A,19.000000000005457,False,0.0
742,Box culvert,N1,A,406.0000000000059,False,0.0
743,Bridge start,N1,A,24.00000000000091,False,0.0
744,Bridge end,N1,A,389.00000000001,False,0.0
746,Bridge start,N1,A,25.000000000034102,False,0.0
747,Bridge end,N1,A,253.99999999996223,False,0.0
748,Box culvert,N1,A,342.0000000000414,False,0.0
749,Box culvert,N1,A,132.99999999998136,False,0.0
753,Box culvert,N1,A,264.9999999999864,False,0.0
755,Bridge start,N1,A,21.000000000015007,False,0.0
756,Bridge end,N1,A,372.0000000000141,False,0.0
757,Box culvert,N1,A,351.99999999997544,False,0.0
759,Box culvert,N1,A,521.000000000015,False,0.0
760,Bridge start,N1,A,21.000000000015007,False,0.0
761,Bridge end,N1,A,302.99999999999727,False,0.0
763,Box culvert,N1,A,538.9999999999873,True,4293.091460580289
765,Box culvert,N1,A,252.9999999999859,False,0.0
766,Box culvert,N1,A,156.99999999998226,False,0.0
768,Box culvert,N1,A,264.00000000001,False,0.0
769,Box culvert,N1,A,672.999999999945,False,0.0
771,Box culvert,N1,A,302.99999999999727,False,0.0
772,Box culvert,N1,A,146.99999999999136,False,0.0
774,Box culvert,N1,A,510.99999999996726,False,0.0
775,Box culvert,N1,A,270.00000000003865,False,0.0
780,Box culvert,N1,A,281.99999999998226,False,0.0
782,Box culvert,N1,A,178.99999999997362,False,0.0
784,Box culvert,N1,A,500.9999999999764,False,0.0
786,Box culvert,N1,A,93.00000000001774,False,0.0
788,Bridge start,N1,A,59.00000000002592,False,0.0
789,Bridge end,N1,A,723.9999999999895,False,0.0
791,Box culvert,N1,A,228.999999999985,False,0.0
792,Box culvert,N1,A,764.9999999999864,False,0.0
794,Box culvert,N1,A,322.0000000000028,True,4294.206541753965
795,Box culvert,N1,A,482.0000000000277,False,0.0
797,Box culvert,N1,A,170.99999999999227,False,0.0
800,Bridge start,N1,A,48.00000000000182,False,0.0
801,Bridge end,N1,A,516.9999999999959,False,0.0
802,Box culvert,N1,A,149.0000000000009,False,0.0
804,Box culvert,N1,A,831.0000000000173,False,0.0
807,Bridge start,N1,A,14.999999999986358,False,0.0
808,Bridge end,N1,A,10.000000000047748,False,0.0
811,Box culvert,N1,A,100.00000000002274,False,0.0
812,Box culvert,N1,A,137.9999999999768,False,0.0
814,Box culvert,N1,B,819.0000000000168,False,0.0
816,Box culvert,N1,A,224.9999999999659,False,0.0
817,Box culvert,N1,A,195.00000000005,False,0.0
819,Box culvert,N1,A,293.0000000000064,True,4325.771142936432
821,Bridge start,N1,C,310.9999999999786,True,4348.52369367489
822,Bridge end,N1,C,428.9999999999736,False,0.0
828,Box culvert,N1,A,140.9999999999627,False,0.0
830,Box culvert,N1,A,680.0000000000068,False,0.0
831,Box culvert,N1,A,181.00000000004,False,0.0
832,Bridge start,N1,A,38.99999999998727,False,0.0
833,Bridge end,N1,A,69.00000000001683,False,0.0
835,Box culvert,N1,A,163.0000000000109,False,0.0
838,Pipe Culvert,N1,Unknown,612.9999999999995,False,0.0
840,Box culvert,N1,A,489.0000000000328,False,0.0
842,Box culvert,N1,A,697.9999999999791,False,0.0
846,Bridge start,N1,A,61.99999999995498,False,0.0
847,Bridge end,N1,A,423.0000000000018,False,0.0
848,Box culvert,N1,A,34.00000000004866,False,0.0
851,Box culvert,N1,A,143.0000000000291,False,0.0
853,Bridge start,N1,A,55.99999999998317,False,0.0
854,Bridge end,N1,C,783.9999999999918,False,0.0
856,Bridge start,N1,C,62.00000000001182,False,0.0
857,Bridge end,N1,A,17.99999999997226,False,0.0
858,Box culvert,N1,A,251.0000000000332,False,0.0
859,Box culvert,N1,A,447.00000000000273,False,0.0
863,Box culvert,N1,B,266.00000000001955,False,0.0
865,Bridge start,N1,A,50.99999999998772,False,0.0
866,Bridge end,N1,A,58.99999999996908,False,0.0
869,Box culvert,N1,A,179.99999999994998,False,0.0
870,Box culvert,N1,A,797.0000000000255,False,0.0
872,Box culvert,N1,A,341.0000000000082,False,0.0
873,Box culvert,N1,A,601.9999999999754,False,0.0
875,Box culvert,N1,A,326.0000000000218,False,0.0
876,Box culvert,N1,A,503.9999999999623,False,0.0
878,Box culvert,N1,C,168.00000000000637,False,0.0
879,Box culvert,N1,A,730.9999999999945,False,0.0
881,Box culvert,N1,A,840.9999999999513,False,0.0
883,Box Culvert,N1,A,326.0000000000218,False,0.0
885,Box Culvert,N1,A,120.9999999999809,False,0.0
886,Box Culvert,N1,A,746.0000000000377,False,0.0
888,Bridge start,N1,A,52.00000000002092,False,0.0
889,Bridge end,N1,A,423.0000000000018,False,0.0
890,Bridge start,N1,A,45.99999999999227,False,0.0
891,Bridge end,N1,A,182.99999999999272,False,0.0
895,Box culvert,N1,A,212.000000000046,False,0.0
896,Box culvert,N1,A,343.9999999999941,False,0.0
897,Bridge start,N1,A,19.99999999998181,False,0.0
898,Bridge end,N1,A,139.00000000001,False,0.0
899,Box culvert,N1,A,161.99999999997772,False,0.0
901,Box culvert,N1,A,423.9999999999782,False,0.0
902,Box culvert,N1,A,27.000000000043656,True,69779.27194855495
904,Box culvert,N1,A,204.00000000000773,False,0.0
905,Box culvert,N1,A,283.9999999999918,False,0.0
907,Box culvert,N1,A,88.99999999999864,False,0.0
909,Box culvert,N1,A,904.9999999999728,False,0.0
912,Box culvert,N1,Unknown,700.0000000000455,False,0.0
914,Box culvert,N1,A,250.0,False,0.0
915,Box culvert,N1,A,522.0000000000482,False,0.0
917,Bridge start,N1,A,59.00000000002592,False,0.0
918,Bridge end,N1,A,533.9999999999918,False,0.0
919,Box culvert,N1,B,367.0000000000186,False,0.0
922,Box culvert,N1,A,421.9999999999686,False,0.0
923,Box culvert,N1,A,222.00000000003683,False,0.0
926,Box culvert,N1,A,223.9999999999896,False,0.0
927,Bridge start,N1,A,56.00000000004002,False,0.0
928,Bridge end,N1,A,62.00000000001182,False,0.0
930,Box culvert,N1,A,343.9999999999941,True,4316.406329778082
931,Box culvert,N1,A,149.0000000000009,False,0.0
933,Box culvert,N1,A,229.00000000004184,False,0.0
934,Box culvert,N1,A,79.00000000000773,False,0.0
936,Box culvert,N1,A,283.9999999999918,False,0.0
938,Bridge start,N1,A,25.000000000034102,False,0.0
939,Bridge end,N1,A,560.9999999999786,False,0.0
940,Box culvert,N1,A,206.99999999999363,False,0.0
942,Box culvert,N1,A,384.00000000001455,False,0.0
943,Box culvert,N1,A,403.9999999999964,False,0.0
945,Box culvert,N1,A,738.9999999999759,False,0.0
947,Box culvert,N1,A,262.9999999999768,False,0.0
948,Box culvert,N1,A,336.9999999999891,False,0.0
949,Box culvert,N1,A,237.9999999999996,False,0.0
950,Box culvert,N1,A,28.99999999999636,False,0.0
952,Box culvert,N1,A,462.99999999996544,False,0.0
953,Bridge start,N1,A,18.000000000029104,False,0.0
954,Bridge end,N1,A,271.99999999999136,False,0.0
956,Box culvert,N1,A,500.0,False,0.0
957,Box culvert,N1,A,254.0000000000191,False,0.0
959,Box culvert,N1,A,362.0000000000232,False,0.0
960,Bridge start,N1,A,140.9999999999627,False,0.0
961,Bridge end,N1,A,133.0000000000382,False,0.0
962,Box culvert,N1,A,105.99999999999454,False,0.0
964,Box culvert,N1,A,612.9999999999995,False,0.0
965,Box culvert,N1,A,64.99999999999773,True,127467.94059199876
968,Box culvert,N1,C,70.99999999996953,False,0.0
969,Box culvert,N1,C,326.0000000000218,True,4306.272668993456
971,Box culvert,N1,C,449.0000000000123,False,0.0
972,Box culvert,N1,C,182.0000000000164,False,0.0
973,Box culvert,N1,C,134.9999999999909,False,0.0
975,Box culvert,N1,A,367.0000000000186,False,0.0
976,Box culvert,N1,A,171.99999999996862,False,0.0
977,Bridge start,N1,B,48.00000000000182,False,0.0
978,Bridge end,N1,B,163.0000000000109,True,126928.67968860106
979,Box culvert,N1,B,57.00000000001637,True,126616.3011550595
981,Box culvert,N1,B,324.99999999998863,False,0.0
982,Box culvert,N1,A,272.9999999999677,False,0.0
983,Box culvert,N1,A,180.00000000000682,True,128653.6488618021
985,Box culvert,N1,A,168.99999999998272,False,0.0
986,Box culvert,N1,D,293.0000000000064,False,0.0
987,Box culvert,N1,D,267.99999999997226,True,4384.458178392271
989,Box culvert,N1,A,480.99999999999454,True,4401.164089513089
990,Box culvert,N1,C,262.9999999999768,True,4425.227007014522
991,Bridge start,N1,C,14.999999999986358,True,71005.42861614675
992,Bridge end,N1,C,165.99999999999682,False,0.0
993,Box culvert,N1,C,19.000000000005457,False,0.0
995,Box culvert,N1,A,484.0000000000373,False,0.0
996,Bridge start,N1,C,17.99999999997226,False,0.0
997,Bridge end,N1,C,57.00000000001637,True,128428.72500265864
999,Box culvert,N1,B,176.00000000004457,False,0.0
1000,Box culvert,N1,C,152.99999999996317,False,0.0
1001,Box culvert,N1,B,76.00000000002183,False,0.0
1002,Box culvert,N1,B,151.9999999999868,False,0.0
1003,Box culvert,N1,A,168.00000000000637,False,0.0
1004,Box culvert,N1,A,29.999999999972715,False,0.0
1005,Box culvert,N1,A,179.00000000003047,False,0.0
1007,Box culvert,N1,A,153.99999999999636,False,0.0
1008,Box culvert,N1,C,38.99999999998727,False,0.0
1009,Box culvert,N1,C,182.0000000000164,False,0.0
1010,Box culvert,N1,A,164.99999999996362,False,0.0
1011,Box culvert,N1,C,115.0000000000091,False,0.0
1012,Box culvert,N1,C,64.99999999999773,True,128396.5895557204
1013,Box culvert,N1,A,173.00000000000182,False,0.0
1014,Box culvert,N1,A,16.000000000019554,False,0.0
1016,Box culvert,N1,C,82.99999999996999,False,0.0
1017,Box culvert,N1,C,228.999999999985,False,0.0
1018,Box culvert,N1,A,206.00000000001728,False,0.0
1019,Box culvert,N1,A,262.00000000000045,False,0.0
1020,Box culvert,N1,B,134.00000000001455,False,0.0
1021,Box culvert,N1,B,84.00000000000318,False,0.0
1023,Box culvert,N1,C,151.00000000001046,True,129204.29626499682
1024,Box culvert,N1,B,341.0000000000082,False,0.0
1025,Box culvert,N1,B,427.99999999999727,False,0.0
1026,Box culvert,N1,C,44.00000000003956,False,0.0
1028,Box culvert,N1,A,96.00000000000364,False,0.0
1029,Box culvert,N1,A,125.0,False,0.0
1030,Box culvert,N1,A,305.0000000000068,False,0.0
1031,Box culvert,N1,A,416.9999999999732,False,0.0
1033,Bridge start,N1,C,26.00000000001046,False,0.0
1034,Bridge end,N1,C,535.000000000025,False,0.0
1035,Box culvert,N1,A,122.99999999999044,False,0.0
1037,Box culvert,N1,B,657.0000000000391,False,0.0
1038,Box culvert,N1,C,163.99999999998727,False,0.0
1040,Khulna Plong Bridge,N1,C,31.999999999982265,False,0.0
1041,Bridge end,N1,C,829.0000000000077,False,0.0
1043,Bridge start,N1,C,55.00000000000682,False,0.0
1044,Bridge end,N1,C,509.9999999999909,False,0.0
1045,Box culvert,N1,B,336.9999999999891,False,0.0
1047,Bridge start,N1,C,19.99999999998181,False,0.0
1048,Bridge end,N1,C,81.99999999999363,False,0.0
1050,Bridge start,N1,C,52.00000000002092,False,0.0
1051,Bridge end,N1,B,24.00000000000091,True,71925.4517831505
1054,Box culvert,N1,C,23.00000000002456,True,71383.49443900438
1056,Box culvert,N1,D,425.9999999999877,False,0.0
1057,Bridge start,N1,D,74.00000000001228,True,129405.80711166131
1058,Bridge end,N1,Unknown,7.999999999981355,False,0.0
1061,Box culvert,N1,A,136.0000000000241,True,129923.68096677614
1062,Bridge start,N1,A,12.999999999976808,False,0.0
1063,Bridge end,N1,A,427.99999999999727,False,0.0
1064,Box culvert,N1,Unknown,168.00000000000637,False,0.0
1067,Box culvert,N1,A,291.9999999999732,False,0.0
1068,Bridge start,N1,C,26.00000000001046,False,0.0
1069,Bridge end,N1,C,581.0000000000173,True,4516.005748323377
1070,Box Culvert,N1,C,89.99999999997499,False,0.0
1072,Bridge start,N1,C,45.00000000001592,False,0.0
1073,Bridge end,N1,C,233.99999999998045,False,0.0
1074,Bridge start,N1,C,18.000000000029104,False,0.0
1075,Bridge end,N1,C,714.999999999975,False,0.0
1077,Bridge start,N1,A,13.000000000033651,True,72299.36562494648
1078,Bridge end,N1,A,238.9999999999759,False,0.0
1079,Box culvert,N1,A,250.0,False,0.0
1080,Box culvert,N1,C,276.00000000001046,False,0.0
1082,Box culvert,N1,C,120.00000000000456,False,0.0
1083,Bridge start,N1,C,89.99999999997499,False,0.0
1084,Bridge end,N1,C,781.0000000000059,False,0.0
1085,Bridge start,N1,C,13.000000000033651,False,0.0
1086,Bridge end,N1,C,40.99999999999682,False,0.0
1089,Bridge start,N1,Unknown,21.99999999999136,False,0.0
1090,Bridge end,N1,Unknown,302.0000000000209,False,0.0
1095,Box culvert,N1,C,209.0000000000032,False,0.0
1096,Box culvert,N1,B,527.9999999999632,False,0.0
1098,Box culvert,N1,C,302.99999999999727,False,0.0
1099,Box culvert,N1,A,195.9999999999696,False,0.0
1100,Box culvert,N1,A,106.0000000000514,False,0.0
1102,Box culvert,N1,A,243.9999999999713,False,0.0
1103,Box culvert,N1,A,100.00000000002274,False,0.0
1104,Box culvert,N1,A,536.0000000000014,False,0.0
1106,Box culvert,N1,A,247.99999999999045,False,0.0
1107,Box culvert,N1,A,125.0,False,0.0
1110,Box culvert,N1,A,483.9999999999805,False,0.0
1111,Bridge start,N1,A,42.00000000003001,False,0.0
1112,Bridge end,N1,A,260.99999999996726,False,0.0
1113,Box culvert,N1,A,173.00000000000182,False,0.0
1115,Box culvert,N1,D,313.000000000045,True,4496.438310864576
1116,Bridge start,N1,A,22.99999999996772,True,71637.1640269441
1117,Bridge end,N1,A,233.0000000000041,False,0.0
1119,Box culvert,N1,C,290.9999999999968,False,0.0
1121,Box culvert,N1,C,281.99999999998226,False,0.0
1122,Box culvert,N1,A,242.999999999995,False,0.0
1123,Bridge start,N1,A,48.00000000000182,False,0.0
1124,Bridge end,N1,B,155.00000000002956,False,0.0
1125,Box culvert,N1,A,110.00000000001364,False,0.0
1127,Box culvert,N1,B,252.9999999999859,False,0.0
1128,Bridge start,N1,A,31.999999999982265,False,0.0
1129,Bridge end,N1,A,194.9999999999932,False,0.0
1130,Box culvert,N1,C,88.99999999999864,False,0.0
1131,Box Culvert,N1,C,235.99999999999,False,0.0
1132,Box culvert,N1,A,108.00000000000408,False,0.0
1134,Box culvert,N1,C,73.00000000003593,False,0.0
1135,Box culvert,N1,C,354.99999999996135,False,0.0
1136,Box culvert,N1,C,216.9999999999845,False,0.0
1137,Box culvert,N1,C,212.000000000046,False,0.0
1138,Box culvert,N1,C,197.99999999997908,False,0.0
1140,Box culvert,N1,A,368.99999999997135,False,0.0
1141,Bridge start,N1,B,19.000000000005457,True,72803.59549457277
1142,Bridge end,N1,B,81.00000000001728,False,0.0
1144,Bridge start,N1,C,60.99999999997863,False,0.0
1145,Bridge end,N1,C,603.0000000000086,False,0.0
1146,Box culvert,N1,A,116.00000000004228,False,0.0
1148,Box culvert,N1,C,130.9999999999718,True,131441.17451389445
1149,Box culvert,N1,D,271.000000000015,False,0.0
1150,Box culvert,N1,C,199.99999999998863,False,0.0
1151,Box culvert,N1,B,120.00000000000456,False,0.0
1152,Bridge start,N1,B,30.00000000002956,False,0.0
1153,Bridge end,N1,B,127.9999999999859,False,0.0
1155,Box culvert,N1,A,213.00000000002228,False,0.0
1156,Box culvert,N1,C,493.99999999997135,True,4494.529083573606
1157,Bridge start,N1,A,16.999999999995907,False,0.0
1158,Bridge end,N1,A,176.00000000004457,False,0.0
1159,Box culvert,N1,B,96.99999999998,False,0.0
1161,Box culvert,N1,B,174.00000000003502,False,0.0
1162,Box culvert,N1,B,665.9999999999968,False,0.0
1164,Box culvert,N1,B,336.9999999999891,False,0.0
1165,Box culvert,N1,A,40.99999999999682,False,0.0
1166,Box culvert,N1,A,134.00000000001455,False,0.0
1167,Box culvert,N1,C,112.99999999999956,True,131775.5437542082
1168,Box culvert,N1,A,84.99999999997954,False,0.0
1169,Box culvert,N1,B,283.00000000001546,False,0.0
1171,Box culvert,N1,A,192.99999999998363,False,0.0
1172,Box culvert,N1,A,127.00000000000956,False,0.0
1173,Box culvert,N1,A,51.000000000044565,False,0.0
1174,Box culvert,N1,A,38.99999999998727,False,0.0
1176,Bridge start,N1,B,77.99999999997453,False,0.0
1177,Bridge end,N1,B,377.0000000000096,False,0.0
1179,Box culvert,N1,A,314.9999999999977,False,0.0
1180,Box culvert,N1,A,430.0000000000068,False,0.0
1181,Box culvert,N1,A,197.99999999997908,False,0.0
1182,Box culvert,N1,A,69.99999999999318,False,0.0
1184,Box culvert,N1,C,120.00000000000456,False,0.0
1185,Box culvert,N1,C,206.99999999999363,False,0.0
1186,Box culvert,N1,A,171.99999999996862,False,0.0
1187,Box culvert,N1,A,220.00000000002728,False,0.0
1188,Box culvert,N1,A,284.99999999996817,False,0.0
1190,Box culvert,N1,A,399.0000000000009,False,0.0
1191,Bridge start,N1,A,36.000000000001364,False,0.0
1192,Bridge end,N1,A,158.00000000001546,False,0.0
1193,Box culvert,N1,A,235.00000000001364,False,0.0
1194,Box culvert,N1,A,143.9999999999486,False,0.0
1196,Box culvert,N1,A,68.00000000004047,False,0.0
1197,Box culvert,N1,A,252.9999999999859,False,0.0
1198,Box culvert / Box culvert,N1,A,332.99999999997,False,0.0
1200,Box culvert,N1,A,261.0000000000241,False,0.0
1201,Box culvert,N1,A,58.99999999996908,False,0.0
1202,Box culvert,N1,A,259.9999999999909,False,0.0
1203,Box culvert,N1,C,259.0000000000145,False,0.0
1204,Box culvert,N1,A,146.000000000015,True,130877.29488517558
1206,Box culvert,N1,A,181.9999999999596,False,0.0
1207,Box culvert,N1,B,312.0000000000118,False,0.0
1208,Box culvert,N1,C,250.0,False,0.0
1209,Box culvert,N1,A,146.000000000015,False,0.0
1211,Box culvert,N1,A,261.0000000000241,False,0.0
1212,Box culvert,N1,A,187.99999999998812,False,0.0
1213,Box culvert,N1,B,204.00000000000773,False,0.0
1214,Bridge start,N1,B,14.999999999986358,False,0.0
1215,Bridge end,N1,B,341.99999999998454,False,0.0
1217,Box culvert,N1,B,648.0000000000246,False,0.0
1218,Bridge start,N1,C,37.99999999995407,False,0.0
1219,Bridge end,N1,C,125.0,False,0.0
1221,Box culvert,N1,C,189.00000000002137,True,132877.78585139776
1222,Box culvert,N1,C,327.99999999997453,False,0.0
1223,Box culvert,N1,C,381.0000000000287,False,0.0
1224,Box culvert,N1,C,86.99999999998909,False,0.0
1226,Box culvert,N1,C,540.0000000000205,False,0.0
1227,Bridge start,N1,A,40.99999999999682,False,0.0
1228,Bridge end,N1,A,270.99999999995816,False,0.0
1230,Box culvert,N1,B,233.0000000000041,False,0.0
1231,Box culvert,N1,A,353.999999999985,False,0.0
1232,Box culvert,N1,A,209.0000000000032,False,0.0
1234,Bridge start,N1,A,35.00000000002501,True,74100.57342317623
1235,Bridge end,N1,A,483.9999999999805,False,0.0
1237,Box culvert,N1,A,256.00000000002865,False,0.0
1238,Box culvert,N1,A,606.9999999999709,False,0.0
1240,Box culvert,N1,B,316.0000000000309,True,4573.649244755457
1241,Box culvert,N1,B,200.99999999996496,False,0.0
1242,Box culvert,N1,B,424.000000000035,False,0.0
1244,Bridge start,N1,C,50.00000000001137,False,0.0
1245,Bridge end,N1,C,502.9999999999859,False,0.0
1246,Box culvert,N1,Unknown,33.999999999991815,False,0.0
1248,Box culvert,N1,C,276.9999999999868,False,0.0
1250,Bridge start,N1,A,31.999999999982265,False,0.0
1251,Bridge end,N1,A,76.00000000002183,False,0.0
1253,Box culvert,N1,A,174.00000000003502,False,0.0
1255,Bridge start,N1,B,42.00000000003001,False,0.0
1256,Bridge end,N1,B,336.9999999999891,False,0.0
1257,Box culvert,N1,A,322.9999999999791,False,0.0
1258,Bridge start,N1,A,31.00000000000591,False,0.0
1259,Bridge end,N1,A,168.00000000000637,False,0.0
1261,Box culvert,N1,A,169.99999999995907,False,0.0
1262,Box culvert,N1,A,336.00000000001273,False,0.0
1263,Box culvert,N1,A,93.00000000001774,False,0.0
1264,Box culvert,N1,A,120.00000000000456,False,0.0
1265,Box culvert,N1,A,15.99999999996271,False,0.0
1267,Box culvert,N1,A,166.99999999997317,False,0.0
1268,Bridge start,N1,A,45.99999999999227,False,0.0
1269,Bridge end,N1,A,330.0000000000409,False,0.0
1270,Box culvert,N1,A,186.99999999995492,False,0.0
1272,Box culvert,N1,C,751.9999999999527,False,0.0
1273,Bridge start,N1,B,40.000000000020464,True,73971.11501917156
1274,Bridge end,N1,B,108.99999999998045,False,0.0
1276,Box culvert,N1,B,165.99999999999682,False,0.0
1277,Box culvert,N1,A,40.000000000020464,False,0.0
1278,Box culvert,N1,A,149.99999999997726,False,0.0
1279,Box culvert,N1,A,388.0000000000337,False,0.0
1280,Bridge start,N1,A,36.99999999997772,False,0.0
1281,Bridge end,N1,A,256.00000000002865,False,0.0
1283,Bridge start,N1,D,50.99999999998772,False,0.0
1284,Bridge end,N1,D,530.0000000000296,False,0.0
1285,Bridge start,N1,A,16.999999999995907,True,72781.47197623999
1286,Bridge end,N1,A,55.00000000000682,False,0.0
1287,Box Culvert,N1,A,29.999999999972715,False,0.0
1289,Box Culvert,N1,A,254.99999999999545,False,0.0
1290,Bridge start,N1,B,37.99999999995407,False,0.0
1291,Bridge end,N1,B,232.0000000000277,False,0.0
1292,Box Culvert,N1,A,83.00000000002683,False,0.0
1293,Box culvert,N1,A,117.999999999995,False,0.0
1294,Box Culvert,N1,A,25.999999999953616,False,0.0
1296,Bridge start,N1,A,47.000000000025466,False,0.0
1297,Bridge end,N1,A,237.9999999999996,False,0.0
1298,Box Culvert,N1,A,122.99999999999044,False,0.0
1299,Box culvert,N1,A,145.99999999995816,False,0.0
1301,Box Culvert,N1,A,194.00000000001685,False,0.0
1302,Box Culvert,N1,A,103.00000000000864,False,0.0
1303,Box culvert,N1,A,310.9999999999786,False,0.0
1304,Bridge start,N1,A,36.000000000001364,False,0.0
1305,Bridge end,N1,A,112.99999999999956,False,0.0
1306,Box culvert,N1,A,164.0000000000441,False,0.0
1307,Bridge start,N1,A,46.99999999996862,False,0.0
1308,Bridge end,N1,A,14.999999999986358,True,74967.76827759472
1310,Box culvert,N1,A,52.99999999999727,False,0.0
1311,Box culvert,N1,A,209.9999999999796,False,0.0
1312,Bridge start,N1,A,33.00000000001546,False,0.0
1313,Bridge end,N1,A,46.99999999996862,False,0.0
1314,Box culvert,N1,A,218.9999999999941,False,0.0
1315,Box culvert,N1,A,84.00000000000318,False,0.0
1316,Box culvert,N1,A,103.00000000000864,False,0.0
1317,Bridge start,N1,A,24.00000000000091,False,0.0
1318,Bridge end,N1,A,105.0000000000182,False,0.0
1319,Box culvert,N1,A,79.00000000000773,False,0.0
1320,Box culvert,N1,A,20.999999999958163,False,0.0
1322,Bridge start,N1,A,19.99999999998181,False,0.0
1323,Bridge end,N1,A,55.99999999998317,False,0.0
1325,Bridge start,N1,B,14.999999999986358,True,74870.40426715586
1326,Bridge end,N1,B,257.99999999998136,False,0.0
1328,Box culvert,N1,A,473.9999999999896,False,0.0
1329,Box culvert,N1,C,430.9999999999832,False,0.0
1331,Bridge start,N1,C,43.00000000000637,False,0.0
1332,Bridge end,N1,C,793.9999999999827,False,0.0
1334,Box culvert,N1,Unknown,427.99999999999727,False,0.0
1335,Bridge start,N1,Unknown,42.00000000003001,False,0.0
1336,Bridge end,N1,Unknown,177.99999999999727,False,0.0
1342,Bridge start,N2,B,40.00000000000004,False,0.0
1343,Bridge end,N2,B,589.9999999999999,False,0.0
1358,Bridge start,N2,B,40.99999999999859,True,195239.18846663326
1359,Bridge end,N2,B,460.00000000000085,False,0.0
1361,Box culvert,N2,A,19.999999999999574,False,0.0
1364,Box culvert,N2,B,838.0000000000009,False,0.0
1366,Box culvert,N2,B,868.0000000000003,True,12139.611846228134
1368,Box culvert,N2,A,510.9999999999992,False,0.0
1369,Bridge start,N2,C,21.999999999998465,False,0.0
1370,Bridge end,N2,C,8.000000000002672,False,0.0
1372,Box culvert,N2,C,77.9999999999994,False,0.0
1374,Box culvert,N2,A,245.99999999999864,True,12119.629534670456
1377,Box Culvert,N2,B,272.99999999999966,False,0.0
1379,Box culvert,N2,A,324.9999999999993,False,0.0
1381,Box culvert,N2,A,661.9999999999991,False,0.0
1382,Box culvert,N2,A,50.00000000000071,False,0.0
1384,Box culvert,N2,B,79.00000000000063,False,0.0
1387,Box culvert,N2,A,646.0000000000008,False,0.0
1388,Box culvert,N2,A,32.00000000000003,False,0.0
1390,Box culvert,N2,A,399.0000000000009,False,0.0
1391,Box culvert,N2,A,141.99999999999946,False,0.0
1397,Box culvert,N2,A,503.0000000000001,False,0.0
1398,Box culvert,N2,A,309.99999999999875,False,0.0
1400,Box culvert,N2,A,909.0000000000024,False,0.0
1402,Bridge start,N2,A,34.00000000000247,False,0.0
1403,Bridge end,N2,A,482.999999999997,False,0.0
1404,Box culvert,N2,A,233.0000000000005,False,0.0
1406,Box culvert,N2,C,1019.9999999999995,False,0.0
1408,Box culvert,N2,A,335.00000000000085,False,0.0
1411,Box culvert,N2,Unknown,321.9999999999956,False,0.0
1413,Box culvert,N2,Unknown,473.9999999999967,False,0.0
1414,Box culvert,N2,A,100.99999999999908,False,0.0
1416,Box culvert,N2,A,754.9999999999955,True,11980.467325355594
1418,Bridge start,N2,A,27.999999999998693,False,0.0
1419,Bridge end,N2,A,807.9999999999998,False,0.0
1421,Bridge start,N2,A,64.00000000000006,False,0.0
1422,Bridge end,N2,A,348.99999999999665,False,0.0
1423,Box culvert,N2,A,323.99999999999807,False,0.0
1425,Box culvert,N2,A,893.9999999999984,False,0.0
1426,Box culvert,N2,A,85.00000000000085,False,0.0
1428,Box culvert,N2,A,524.9999999999986,False,0.0
1429,Box culvert,N2,A,222.0000000000013,False,0.0
1431,Box culvert,N2,B,257.9999999999956,False,0.0
1432,Box culvert,N2,A,512.0000000000005,False,0.0
1434,Box culvert,N2,A,362.9999999999996,False,0.0
1435,Box culvert,N2,B,426.9999999999996,False,0.0
1436,Box culvert,N2,B,170.0000000000017,False,0.0
1438,Box culvert,N2,A,648.0000000000032,True,12012.370441599955
1440,Box culvert,N2,A,30.000000000001137,False,0.0
1442,Box culvert,N2,A,301.00000000000193,False,0.0
1444,Box culvert,N2,A,87.0000000000033,False,0.0
1446,Box culvert,N2,A,670.0000000000017,False,0.0
1448,Bridge start,N2,A,104.99999999999687,False,0.0
1449,Bridge end,N2,A,307.00000000000216,False,0.0
1450,Box culvert,N2,A,39.99999999999915,False,0.0
1452,Box culvert,N2,A,256.9999999999979,False,0.0
1453,Box culvert,N2,A,608.0000000000041,False,0.0
1455,Box culvert,N2,A,884.999999999998,False,0.0
1456,Box culvert,N2,A,105.00000000000398,False,0.0
1458,Box culvert,N2,A,50.99999999999483,True,350118.4758524986
1460,Box culvert,N2,A,731.9999999999993,False,0.0
1462,Box culvert,N2,A,147.9999999999961,False,0.0
1464,Box culvert,N2,A,399.9999999999986,False,0.0
1466,Box culvert,N2,A,292.0000000000016,False,0.0
1468,Box culvert,N2,A,791.0000000000039,False,0.0
1469,Box culvert,N2,A,27.999999999998693,False,0.0
1472,Box culvert,N2,A,271.99999999999847,False,0.0
1474,Box cuylvert,N2,A,418.0000000000064,False,0.0
1475,Bridge start,N2,A,17.999999999993577,False,0.0
1476,Bridge end,N2,A,404.00000000000347,False,0.0
1478,Box culvert,N2,A,155.9999999999988,False,0.0
1479,Box culvert,N2,A,390.99999999999824,False,0.0
1480,Box culvert,N2,B,282.0000000000036,False,0.0
1482,Bridge start,N2,C,157.00000000000358,False,0.0
1483,Bridge end,N2,C,109.00000000000176,False,0.0
1484,Bridge start,N2,A,34.99999999999659,False,0.0
1485,Bridge end,N2,A,90.00000000000341,True,347934.1545359524
1487,Box culvert,N2,A,420.0000000000017,False,0.0
1490,Bridge start,N2,A,40.99999999999682,False,0.0
1491,Bridge end,N2,A,438.0000000000024,False,0.0
1492,Box culvert,N2,A,411.99999999999903,False,0.0
1494,Box culvert,N2,A,675.0000000000043,False,0.0
1496,Bridge start,N2,A,15.000000000000568,False,0.0
1497,Bridge end,N2,A,356.00000000000165,False,0.0
1499,Bridge start,N2,A,12.999999999998124,False,0.0
1500,Bridge end,N2,A,890.0000000000006,True,12088.067034108095
1502,Box culvert,N2,A,201.99999999999812,False,0.0
1504,Bridge start,N2,A,14.000000000010004,False,0.0
1505,Bridge end,N2,A,64.99999999999773,False,0.0
1508,Box culvert,N2,A,212.0000000000033,False,0.0
1510,Bridge start,N2,A,16.000000000005343,False,0.0
1511,Bridge end,N2,A,288.99999999998727,False,0.0
1512,Box culvert,N2,A,260.0000000000051,False,0.0
1514,Box culvert,N2,B,259.9999999999909,False,0.0
1515,Box culvert,N2,B,295.0000000000017,False,0.0
1517,Bridge start,N2,C,430.0000000000068,False,0.0
1518,Bridge end/ Start of Kishoreganj road Division / Bridge end/ Start of Kishoreganj road Division,N2,C,311.9999999999976,True,12065.528548589551
1520,Bridge start,N2,A,27.999999999991587,False,0.0
1521,Bridge end,N2,C,463.0000000000081,False,0.0
1522,Box culvert,N2,A,90.99999999999396,False,0.0
1523,Box culvert,N2,C,301.00000000000193,True,12144.01578179058
1528,Box Culvert,N2,A,182.99999999999272,False,0.0
1529,Bhairab Bridge,N2,A,277.000000000001,False,0.0
1531,Bridge end,N2,A,66.0000000000025,False,0.0
1533,Over pass,N2,A,159.9999999999966,False,0.0
1536,Box Culvert,N2,B,64.99999999999773,False,0.0
1537,Box Culvert,N2,B,165.99999999999682,True,351208.37757419236
1539,Box culvert,N2,C,271.0000000000008,True,11951.156188259289
1540,Box culvert,N2,C,260.9999999999957,False,0.0
1541,Box culvert,N2,C,19.000000000005457,False,0.0
1543,Bridge start,N2,A,85.99999999999852,False,0.0
1544,Bridge end,N2,C,331.99999999999363,False,0.0
1546,Box culvert,N2,A,983.9999999999948,False,0.0
1548,Box culvert,N2,A,316.99999999999307,True,11976.765672793117
1549,Box culvert,N2,A,108.00000000000408,False,0.0
1551,Box culvert,N2,A,60.000000000002274,False,0.0
1553,Box culvert,N2,A,73.99999999999807,False,0.0
1555,Box culvert,N2,A,379.99999999999545,False,0.0
1556,Box culvert,N2,A,102.00000000000388,False,0.0
1558,Box culvert,N2,A,418.0000000000064,False,0.0
1559,Box culvert,N2,Unknown,9.999999999990903,False,0.0
1562,Box culvert,N2,A,421.999999999997,False,0.0
1564,Box culvert,N2,A,950.0000000000028,False,0.0
1565,Box culvert,N2,Unknown,15.000000000000568,False,0.0
1570,Bridge start,N2,A,24.99999999999148,False,0.0
1571,Bridge end,N2,A,61.00000000000705,False,0.0
1573,Box culvert,N2,A,76.00000000000762,False,0.0
1575,Bridge start,N2,A,25.000000000005684,False,0.0
1576,Bridge end,N2,A,87.99999999999386,False,0.0
1578,Bridge start,N2,C,19.000000000005457,False,0.0
1579,Bridge end,N2,C,337.99999999999386,False,0.0
1581,Bridge start,N2,B,46.99999999999704,False,0.0
1582,Bridge end,N2,B,781.0000000000059,False,0.0
1584,Box culvert,N2,A,680.9999999999974,False,0.0
1585,Bridge start,N2,A,57.00000000000216,False,0.0
1586,Bridge end,N2,A,168.99999999999693,False,0.0
1588,Box culvert,N2,C,714.9999999999892,True,17424.615984190783
1590,Bridge start,N2,A,207.00000000000784,False,0.0
1591,Bridge end,N2,A,421.999999999997,False,0.0
1592,Bridge start,N2,A,28.0000000000058,False,0.0
1593,Bridge end,N2,A,146.99999999999136,False,0.0
1595,Box culvert,N2,A,197.9999999999933,False,0.0
1597,Box culvert,N2,A,194.0000000000026,False,0.0
1599,Box culvert,N2,A,412.9999999999967,False,0.0
1600,Bridge start,N2,A,66.99999999999307,False,0.0
1601,Bridge end,N2,A,225.00000000000853,False,0.0
1603,Bridge start,N2,C,36.99999999999193,False,0.0
1604,Bridge end,N2,A,591.0000000000082,False,0.0
1606,Bridge start,N2,A,27.999999999991587,False,0.0
1607,Bridge end,N2,A,796.0000000000065,False,0.0
1609,Box culvert,N2,A,311.00000000000705,False,0.0
1611,Bridge start,N2,A,66.99999999999307,False,0.0
1612,Bridge end,N2,A,382.000000000005,False,0.0
1614,Box culvert,N2,A,396.0000000000008,False,0.0
1615,Box culvert,N2,Unknown,105.00000000000398,False,0.0
1617,Box culvert,N2,B,168.99999999999693,False,0.0
1619,Box culvert,N2,A,529.0000000000106,False,0.0
1620,Box culvert,N2,A,143.99999999999125,False,0.0
1622,Box culvert,N2,A,301.00000000000193,False,0.0
1624,Box culvert,N2,A,49.99999999999716,False,0.0
1626,Box culvert,N2,B,419.0000000000112,False,0.0
1627,Box culvert,N2,A,131.00000000000023,False,0.0
1629,Bridge start/ Start of Habiganj road Division / Bridge start/ Start of Habiganj road Division,N2,A,64.99999999999773,False,0.0
1630,Bridge end,N2,A,234.00000000000887,False,0.0
1632,Box culvert,N2,A,562.0000000000118,False,0.0
1634,Bridge start,N2,C,21.99999999999136,False,0.0
1635,Bridge end,N2,A,481.0000000000088,False,0.0
1637,Bridge start,N2,A,37.9999999999967,False,0.0
1638,Bridge end,N2,C,710.000000000008,False,0.0
1640,Box culvert,N2,A,504.99999999999545,False,0.0
1642,Bridge start,N2,A,34.000000000006025,False,0.0
1643,Bridge end,N2,A,549.9999999999972,False,0.0
1645,Bridge start,N2,A,25.99999999999625,False,0.0
1646,Bridge end,N2,A,453.00000000000296,False,0.0
1648,Bridge start,N2,A,42.00000000000159,False,0.0
1649,Bridge end,N2,A,680.9999999999974,False,0.0
1651,Bridge start,N2,B,21.99999999999136,False,0.0
1652,Bridge end,N2,A,658.0000000000013,False,0.0
1654,Box culvert,N2,A,164.00000000000148,False,0.0
1656,Box culvert,N2,A,205.0000000000125,False,0.0
1657,Box culvert,N2,C,286.9999999999919,False,0.0
1658,Box culvert,N2,C,85.99999999999852,False,0.0
1660,Box culvert,N2,A,353.9999999999992,False,0.0
1661,Box culvert,N2,A,162.9999999999967,False,0.0
1662,Box culvert,N2,A,293.0000000000064,False,0.0
1663,Box culvert,N2,A,48.99999999999238,False,0.0
1665,Box culvert,N2,A,218.9999999999941,False,0.0
1666,Box culvert,N2,B,348.0000000000132,False,0.0
1667,Box culvert,N2,A,163.99999999998727,False,0.0
1668,Box culvert,N2,A,92.00000000001296,False,0.0
1670,Box culvert,N2,A,233.0000000000041,False,0.0
1671,Box culvert,N2,A,466.9999999999988,False,0.0
1672,Box culvert,N2,A,106.00000000000875,False,0.0
1674,Box culvert,N2,A,404.0000000000106,False,0.0
1676,Box culvert,N2,A,346.00000000000364,False,0.0
1677,Box culvert,N2,A,406.9999999999965,False,0.0
1679,Box culvert,N2,A,429.0000000000021,True,14397.621445304223
1680,Box culvert,N2,A,209.9999999999937,True,14365.312757736796
1681,Box culvert,N2,A,310.0000000000023,False,0.0
1683,Box culvert,N2,A,144.99999999999602,False,0.0
1684,Box culvert,N2,A,251.9999999999953,False,0.0
1685,Bridge start,N2,A,33.00000000000125,False,0.0
1686,Bridge end,N2,A,421.0000000000065,False,0.0
1688,Box culvert,N2,A,649.9999999999915,False,0.0
1689,Box culvert,N2,A,158.00000000000125,False,0.0
1690,Box culvert,N2,A,178.00000000001148,False,0.0
1691,Box culvert,N2,A,12.99999999999102,False,0.0
1693,Box culvert,N2,A,286.00000000000136,False,0.0
1694,Box culvert,N2,A,448.99999999999807,False,0.0
1695,Box culvert,N2,A,63.00000000000239,False,0.0
1696,Box culvert,N2,A,9.999999999990903,False,0.0
1698,Box culvert,N2,A,429.0000000000021,False,0.0
1699,Box culvert,N2,A,109.00000000000888,False,0.0
1700,Box culvert,N2,A,345.9999999999894,False,0.0
1702,Box culvert,N2,A,304.9999999999926,False,0.0
1703,Box culvert,N2,A,602.0000000000039,False,0.0
1705,Box culvert,N2,A,350.0000000000085,False,0.0
1706,Box culvert,N2,A,334.99999999997954,False,0.0
1707,Box culvert,N2,A,324.0000000000123,False,0.0
1709,Box culvert,N2,A,348.99999999998954,False,0.0
1710,Box culvert,N2,A,306.0000000000116,False,0.0
1711,Box culvert,N2,A,137.9999999999768,False,0.0
1712,Box culvert,N2,B,163.0000000000109,False,0.0
1714,Box culvert,N2,B,243.99999999999977,False,0.0
1715,Box culvert,N2,A,490.9999999999855,False,0.0
1718,Box culvert,N2,A,114.00000000000432,False,0.0
1719,Box culvert,N2,A,146.000000000015,False,0.0
1721,Box culvert,N2,A,959.0000000000032,False,0.0
1723,Bridge start,N2,A,84.00000000000318,False,0.0
1724,Bridge end,N2,A,371.9999999999857,False,0.0
1725,Box culvert,N2,A,197.0000000000028,False,0.0
1726,Box culvert,N2,A,217.00000000001296,False,0.0
1727,Box culvert,N2,A,85.99999999998431,False,0.0
1729,Box culvert,N2,A,307.9999999999927,False,0.0
1732,Box culvert,N2,A,781.9999999999823,False,0.0
1734,Box culvert,N2,A,485.0000000000136,False,0.0
1736,Box culvert,N2,A,488.9999999999759,False,0.0
1738,Box culvert,N2,A,483.0000000000041,False,0.0
1739,Box culvert,N2,A,495.9999999999809,False,0.0
1740,Box culvert,N2,A,10.000000000019329,False,0.0
1742,Box culvert,N2,A,498.9999999999952,False,0.0
1743,Box culvert,N2,A,7.000000000005002,False,0.0
1745,Box culvert,N2,A,373.9999999999952,False,0.0
1747,Box culvert,N2,A,251.0000000000048,False,0.0
1749,Bridge start,N2,A,195.99999999999795,False,0.0
1750,Bridge end,N2,A,207.00000000002208,False,0.0
1754,Bridge start,N2,A,27.00000000001524,False,0.0
1755,Bridge end,N2,A,849.9999999999943,False,0.0
1757,Box culvert,N2,C,278.00000000002,False,0.0
1758,Box culvert,N2,C,365.9999999999855,False,0.0
1760,Box culvert,N2,A,639.00000000001,False,0.0
1763,Box culvert,N2,A,295.99999999999227,False,0.0
1764,Box culvert,N2,A,287.9999999999825,False,0.0
1765,Box culvert,N2,A,122.0000000000141,False,0.0
1767,Box culvert,N2,A,362.0000000000232,False,0.0
1768,Box Culvert / Box culvert,N2,A,298.0000000000018,False,0.0
1770,Box culvert,N2,A,544.0000000000111,False,0.0
1772,Box culvert,N2,A,522.9999999999961,False,0.0
1773,Bridge start,N2,A,45.99999999999227,False,0.0
1774,Bridge end,N2,A,170.00000000001592,False,0.0
1776,Box culvert,N2,A,655.0000000000011,False,0.0
1778,Box culvert,N2,A,447.00000000000273,False,0.0
1779,Box culvert,N2,A,141.9999999999959,False,0.0
1780,Box culvert,N2,A,174.0000000000066,False,0.0
1781,Box culvert,N2,A,179.00000000000205,False,0.0
1783,Box culvert,N2,A,340.0000000000034,False,0.0
1784,Box culvert,N2,A,304.9999999999784,False,0.0
1785,Box culvert,N2,B,239.00000000000432,False,0.0
1787,Bridge start,N2,B,66.0000000000025,False,0.0
1788,Bridge end,N2,A,201.99999999999812,False,0.0
1789,Box culvert,N2,A,383.9999999999861,False,0.0
1791,Box culvert,N2,A,453.9999999999793,False,0.0
1793,Bridge start,N2,A,18.000000000000682,False,0.0
1794,Bridge end,N2,A,592.000000000013,False,0.0
1795,Box culvert,N2,A,230.9999999999945,True,14367.205250925306
1797,Box culvert,N2,A,552.0000000000209,False,0.0
1798,Bridge start,N2,A,15.999999999991132,False,0.0
1799,Bridge end,N2,A,132.000000000005,False,0.0
1801,Box culvert,N2,A,73.0000000000075,False,0.0
1803,Box culvert,N2,A,419.0000000000112,False,0.0
1804,Box culvert,N2,A,204.00000000000773,False,0.0
1805,Box culvert,N2,A,143.00000000000068,False,0.0
1807,Box culvert,N2,A,414.999999999992,False,0.0
1808,Box culvert,N2,A,294.00000000001114,False,0.0
1809,Bridge start,N2,C,19.99999999998181,True,230000.32782340833
1810,Bridge end,N2,C,98.0000000000132,False,0.0
1812,Box culvert,N2,A,276.00000000001046,False,0.0
1813,Box culvert,N2,A,669.0000000000111,False,0.0
1815,Box culvert,N2,A,316.0000000000025,False,0.0
1816,Box culvert,N2,A,153.99999999999636,True,415588.5956115072
1817,Box culvert,N2,A,157.0000000000107,False,0.0
1818,Box culvert,N2,A,256.0000000000002,False,0.0
1819,Box culvert,N2,A,48.00000000000182,False,0.0
1821,Bridge start,N2,A,38.000000000010914,False,0.0
1822,Bridge end,N2,A,139.00000000001,False,0.0
1823,Box culvert,N2,A,145.99999999998658,False,0.0
1824,Box culvert,N2,A,217.9999999999893,False,0.0
1825,Box culvert,N2,A,325.00000000001705,False,0.0
1827,Box culvert,N2,A,548.0000000000018,False,0.0
1828,Box culvert,N2,A,40.99999999999682,False,0.0
1829,Bridge start,N2,A,15.00000000001478,False,0.0
1830,Bridge end,N2,A,334.0000000000032,False,0.0
1831,Box culvert,N2,B,49.99999999998295,False,0.0
1833,Bridge start,N2,B,24.00000000000091,False,0.0
1834,Bridge end,N2,A,121.99999999998568,False,0.0
1835,Box culvert,N2,A,166.00000000002524,False,0.0
1836,Box culvert,N2,A,435.0000000000023,False,0.0
1838,Box culvert,N2,A,48.00000000000182,False,0.0
1839,Box culvert,N2,C,240.0000000000091,False,0.0
1840,Box culvert,N2,A,169.9999999999875,False,0.0
1841,Box culvert,N2,A,270.00000000001023,False,0.0
1842,Box culvert,N2,A,139.00000000001,False,0.0
1844,Box culvert,N2,A,350.9999999999991,False,0.0
1845,Box culvert,N2,A,99.99999999999432,False,0.0
1846,Box culvert,N2,A,521.000000000015,False,0.0
1847,Bridge start,N2,A,55.99999999998317,False,0.0
1848,Bridge end,N2,A,139.00000000001,False,0.0
1850,Bridge start,N2,A,23.00000000002456,False,0.0
1851,Bridge end,N2,A,217.9999999999893,False,0.0
1852,Box culvert,N2,A,355.99999999999454,False,0.0
1854,Box culvert,N2,A,275.0000000000057,False,0.0
1855,Box culvert,N2,A,235.99999999999,False,0.0
1856,Box culvert,N2,A,125.0,False,0.0
1857,Box culvert,N2,A,123.99999999999524,False,0.0
1858,Box culvert,N2,A,80.0000000000125,False,0.0
1860,Box culvert,N2,A,46.99999999999704,False,0.0
1861,Box culvert,N2,A,444.0000000000168,False,0.0
1862,Bridge start,N2,A,27.999999999991587,False,0.0
1863,Bridge end,N2,A,162.9999999999825,False,0.0
1864,Box culvert,N2,A,55.00000000000682,False,0.0
1865,Box culvert,N2,A,62.00000000001182,False,0.0
1866,Box culvert,N2,A,76.99999999999818,False,0.0
1867,Box culvert,N2,A,48.00000000000182,False,0.0
1868,Box culvert,N2,A,63.99999999999295,False,0.0
1870,Box culvert,N2,A,99.00000000001796,False,0.0
1871,Box culvert,N2,A,137.00000000000043,False,0.0
1872,Box culvert,N2,A,61.9999999999834,False,0.0
1873,Box culvert,N2,A,51.00000000001614,False,0.0
1874,Box culvert,N2,A,117.999999999995,True,418185.8715238081
1875,Box culvert,N2,A,283.9999999999918,False,0.0
1876,Box culvert,N2,A,161.00000000000136,False,0.0
1878,Box culvert,N2,A,82.00000000002206,True,416928.18704652955
1879,Box culvert,N2,A,134.9999999999909,False,0.0
1880,Box culvert,N2,A,135.99999999999568,False,0.0
1881,Box culvert,N2,A,353.00000000000864,False,0.0
1882,Box culvert,N2,B,134.9999999999909,False,0.0
1884,Box culvert,N2,A,469.99999999999886,False,0.0
1885,Box culvert,N2,A,164.99999999999204,False,0.0
1887,Bridge start,N2,A,15.00000000001478,False,0.0
1888,Bridge end,N2,A,221.99999999998,False,0.0
1889,Box culvert,N2,A,204.00000000000773,False,0.0
1890,Box culvert,N2,A,311.00000000000705,False,0.0
1891,Box culvert,N2,A,206.99999999999363,False,0.0
1893,Box culvert,N2,A,567.9999999999836,False,0.0
1894,Box culvert,N2,A,180.00000000000682,False,0.0
1895,Box culvert,N2,A,132.000000000005,False,0.0
1896,Box culvert,N2,A,34.99999999999659,False,0.0
1898,Box culvert,N2,A,144.00000000000546,True,414721.24007363507
1899,Box culvert,N2,A,218.9999999999941,False,0.0
1900,Box culvert,N2,A,165.99999999999682,False,0.0
1901,Box culvert,N2,A,219.9999999999989,True,14399.533340751968
1902,Box culvert,N2,A,139.00000000001,False,0.0
1903,Box culvert,N2,A,57.99999999999272,False,0.0
1905,Box culvert,N2,A,383.9999999999861,False,0.0
1906,Bridge start,N2,A,54.000000000002046,False,0.0
1907,Bridge end,N2,A,276.9999999999868,False,0.0
1909,Bridge start,N2,A,146.99999999999136,False,0.0
1910,Bridge end,N2,A,129.99999999999545,False,0.0
1911,Bridge start,N2,A,36.000000000001364,False,0.0
1912,Bridge end,N2,A,248.99999999999525,False,0.0
1913,Box culvert,N2,A,308.9999999999975,False,0.0
1914,Box culvert,N2,A,58.9999999999975,False,0.0
1916,Box culvert,N2,A,376.0000000000048,False,0.0
1917,Bridge start,N2,A,20.999999999986585,False,0.0
1918,Bridge end,N2,A,216.00000000000816,False,0.0
1920,Bridge start,N2,A,15.00000000001478,True,231364.0266008406
1921,Bridge end,N2,A,576.9999999999982,False,0.0
1922,Box culvert,N2,A,329.00000000000773,False,0.0
1924,Bridge start,N2,A,52.99999999999727,False,0.0
1925,Bridge end,N2,A,207.9999999999984,False,0.0
1926,Box culvert,N2,A,242.999999999995,False,0.0
1927,Bridge start,N2,A,43.00000000000637,False,0.0
1928,Bridge end,N2,A,188.99999999999287,False,0.0
1930,Box culvert,N2,A,252.9999999999859,False,0.0
1931,Box culvert,N2,A,189.00000000002137,False,0.0
1933,Box culvert,N2,A,296.0000000000207,False,0.0
1935,Box culvert,N2,A,405.00000000000114,False,0.0
1936,Box culvert,N2,A,288.0000000000109,True,14331.547802254654
1937,Box culvert,N2,A,225.9999999999991,False,0.0
1939,Bridge start,N2,A,61.00000000000705,False,0.0
1940,Bridge end,N2,A,338.99999999999864,False,0.0
1941,Box culvert,N2,A,112.99999999999956,False,0.0
1942,Box culvert,N2,A,20.000000000010232,False,0.0
1944,Box culvert,N2,A,606.9999999999993,False,0.0
1946,Box culvert,N2,A,138.00000000000523,False,0.0
1947,Box culvert,N2,A,216.9999999999845,False,0.0
1948,Box culvert,N2,A,218.0000000000177,False,0.0
1950,Bridge start,N2,A,58.9999999999975,False,0.0
1951,Bridge end,N2,A,37.99999999998249,False,0.0
1953,Bridge start,N2,A,16.000000000019554,False,0.0
1954,Bridge end,N2,A,93.99999999999407,False,0.0
1956,Box culvert,N2,A,353.00000000000864,False,0.0
1958,Bridge start,N2,A,32.00000000001069,False,0.0
1959,Bridge end,N2,A,403.9999999999964,False,0.0
1961,Bridge start,N2,A,18.000000000000682,False,0.0
1962,Bridge end,N2,A,102.00000000000388,False,0.0
1964,Box culvert,N2,A,400.0000000000057,False,0.0
1967,Bridge start,N2,C,280.00000000000114,False,0.0
1968,Bridge end,N2,C,656.0000000000059,False,0.0
1971,Bridge start,N2,C,163.0000000000109,False,0.0
1972,Bridge end,N2,A,907.0000000000108,False,0.0
1973,Bridge start,N2,A,26.99999999998681,False,0.0
1974,Bridge end,N2,A,39.99999999999204,False,0.0
1977,Box culvert,N2,A,689.9999999999977,False,0.0
1979,Bridge start,N2,A,64.99999999999773,False,0.0
1980,Bridge end,N2,A,817.0000000000073,False,0.0
1982,Bridge start,N2,A,14.000000000010004,False,0.0
1983,Bridge end,N2,A,909.9999999999966,False,0.0
1984,Box culvert,N2,A,28.99999999999636,False,0.0
1986,Bridge start,N2,A,24.00000000000091,False,0.0
1987,Bridge end,N2,A,299.0000000000066,False,0.0
1988,Box culvert,N2,A,347.9999999999848,False,0.0
1990,Bridge start,N2,A,26.00000000001046,False,0.0
1991,Bridge end,N2,A,241.99999999999025,False,0.0
1992,Box culvert,N2,A,605.0000000000182,False,0.0
1993,Box culvert,N2,A,90.99999999997976,False,0.0
1995,Box culvert,N2,A,730.9999999999945,True,9299.062793618881
1996,Box culvert,N2,A,20.000000000010232,False,0.0
1999,Box culvert,N2,A,890.0000000000148,True,9314.600590398006
2002,Box Culvert,N2,A,525.0000000000057,False,0.0
2005,Box culvert,N2,A,695.999999999998,False,0.0
2006,Box culvert,N2,A,22.99999999999613,False,0.0
2008,Box culvert,N2,A,576.9999999999982,False,0.0
2010,Box culvert,N2,A,349.9999999999943,False,0.0
2012,Box culvert,N2,A,447.9999999999791,False,0.0
2013,Box culvert,N2,A,296.0000000000207,False,0.0
2015,Box culvert,N2,A,337.0000000000175,False,0.0
2017,Box culvert,N2,A,277.00000000001523,True,9319.843855349209
2018,Box culvert,N2,A,444.9999999999932,False,0.0
2020,Box culvert,N2,A,361.9999999999948,False,0.0
2022,Box culvert,N2,A,569.9999999999932,False,0.0
2023,Box culvert,N2,A,61.9999999999834,False,0.0
2025,Box culvert,N2,A,514.9999999999864,False,0.0
2026,Box culvert,N2,A,105.0000000000182,False,0.0
2028,Box culvert,N2,A,206.99999999999363,False,0.0
2030,Box culvert,N2,A,359.9999999999852,True,9282.484843285358
2032,Box culvert,N2,A,405.9999999999775,False,0.0
2036,Box culvert,N2,A,781.9999999999823,False,0.0
2038,Bridge start,N2,B,32.99999999998704,False,0.0
2039,Bridge end,N2,B,433.9999999999975,True,9304.589001452803
2041,Box culvert,N2,A,968.999999999994,False,0.0
2043,Box culvert,N2,B,557.9999999999927,False,0.0
2044,Box culvert,N2,B,448.0000000000075,False,0.0
2046,Box culvert,N2,A,250.0,False,0.0
2048,Box culvert,N2,A,516.0000000000196,False,0.0
2050,Bridge start,N2,A,44.00000000001114,False,0.0
2051,Bridge end,N2,A,300.00000000001137,False,0.0
2053,Box culvert,N2,A,657.999999999987,False,0.0
2056,Box culvert,N2,A,135.99999999999568,False,0.0
2057,Box culvert,N2,A,500.0,False,0.0
2058,Box culvert,N2,A,127.9999999999859,False,0.0
2060,Box culvert,N2,B,685.0000000000023,False,0.0
2062,Bridge start,N2,A,18.999999999977035,False,0.0
2063,Bridge end,N2,A,169.00000000001114,False,0.0
2066,Under Pass R250,N2,A,198.0000000000075,False,0.0
2067,Bridge start,N2,B,317.99999999998363,False,0.0
2068,Bridge end,N2,B,289.0000000000157,False,0.0
2070,Box culvert,N2,A,114.00000000000432,True,145407.68835942727
2071,Box culvert,N2,A,586.0000000000127,False,0.0
2073,Box culvert,N2,A,81.00000000001728,False,0.0
2074,Road to Keen Bridge(N206),N2,A,286.00000000000136,False,0.0
2075,Box culvert,N2,A,216.9999999999845,False,0.0
2076,Box culvert,N2,A,257.000000000005,False,0.0
2077,Box culvert,N2,A,145.00000000001023,False,0.0
2079,Box culvert,N2,A,854.0000000000134,False,0.0
2081,Box culvert,N2,A,724.9999999999943,False,0.0
2082,Box culvert,N2,B,164.0000000000157,False,0.0
2084,Box culvert,N2,A,20.000000000010232,False,0.0
2087,Box culvert,N2,A,650.0000000000057,True,5018.2258582589
2088,Box culvert,N2,A,110.00000000001364,False,0.0
2090,Bridge start,N2,A,10.000000000019329,False,0.0
2091,Bridge end,N2,A,310.0000000000023,False,0.0
2093,Bridge start,N2,B,16.999999999995907,False,0.0
2094,Bridge end,N2,B,228.00000000000864,False,0.0
2095,Box culvert,N2,A,191.0000000000025,False,0.0
2099,Box culvert,N2,A,306.0000000000116,False,0.0
2100,Box culvert,N2,A,668.0000000000064,False,0.0
2102,Bridge start,N2,B,16.999999999995907,True,81958.68454687078
2103,Bridge end,N2,B,205.0000000000125,False,0.0
2104,Box culvert,N2,A,96.00000000000364,False,0.0
2106,Box culvert,N2,A,343.00000000001774,False,0.0
2108,Bridge start,N2,A,15.00000000001478,False,0.0
2109,Bridge end,N2,A,700.9999999999934,False,0.0
2110,Box culvert,N2,A,60.000000000002274,False,0.0
2113,Box culvert,N2,A,326.9999999999982,False,0.0
2115,Bridge start,N2,A,12.000000000000457,False,0.0
2116,Bridge end,N2,A,641.0000000000196,False,0.0
2117,Box culvert,N2,A,173.99999999997817,False,0.0
2119,Box culvert,N2,A,948.999999999984,False,0.0
2120,Box culvert,N2,A,32.00000000001069,False,0.0
2122,Box Culvert,N2,A,468.9999999999941,True,5012.813998161264
2124,Box culvert,N2,A,146.99999999999136,False,0.0
2126,Box culvert,N2,A,819.0000000000168,False,0.0
2128,Box culvert,N2,A,848.0000000000132,False,0.0
2130,Bridge start,N2,A,98.99999999998954,False,0.0
2131,Bridge end,N2,A,883.0000000000098,False,0.0
2133,Bridge start,N2,B,88.99999999999864,False,0.0
2134,Bridge end,N2,B,354.0000000000134,False,0.0
2137,Bridge start,N2,B,38.000000000010914,False,0.0
2138,Bridge end,N2,B,459.0000000000032,False,0.0
2141,Bridge start,N2,B,42.99999999994952,False,0.0
2142,Bridge end,N2,B,477.0000000000323,False,0.0
2144,Bridge start,N2,A,62.99999999998818,False,0.0
2145,Bridge end,N2,A,6.000000000028649,False,0.0
2148,Box culvert,N2,A,281.99999999998226,False,0.0
2150,Box culvert,N2,A,324.99999999998863,False,0.0
2151,Box culvert,N2,A,141.9999999999959,False,0.0
2153,Box culvert,N2,A,675.0000000000114,False,0.0
2156,Bridge start,N2,A,28.00000000002001,False,0.0
2157,Bridge end,N2,A,581.9999999999936,False,0.0
2160,Bridge start,N2,A,22.99999999996772,False,0.0
2161,Bridge end,N2,A,699.0000000000123,False,0.0
2164,Bridge start,N2,A,195.9999999999696,True,146430.69377428785
2165,Bridge end,N2,A,569.0000000000168,False,0.0
2167,Bridge start,N2,A,27.000000000043656,False,0.0
2168,Bridge end,N2,A,529.9999999999727,False,0.0
2171,Bridge start,N2,A,86.00000000001273,False,0.0
2172,Bridge end,N2,A,8.999999999957708,False,0.0
2174,Bridge start,N2,A,28.00000000002001,False,0.0
2175,Bridge end,N2,A,218.9999999999941,False,0.0
2176,Bridge start,N2,A,26.99999999998681,False,0.0
2177,Bridge end,N2,A,14.000000000010004,False,0.0
2179,Bridge start,N2,A,80.00000000004093,False,0.0
2180,Bridge end,N2,A,31.999999999982265,False,0.0
2182,Bridge start,N2,A,19.000000000005457,False,0.0
2183,Bridge end,N2,A,795.9999999999923,False,0.0
2185,Bridge start,N2,A,64.99999999999773,False,0.0
2186,Bridge end,N2,A,312.9999999999882,False,0.0
2188,Bridge start,N2,A,47.000000000025466,False,0.0
2189,Bridge end,N2,A,159.99999999996817,False,0.0
2190,Bridge start,N2,A,18.000000000029104,False,0.0
2191,Bridge end,N2,A,187.00000000001185,False,0.0
2192,Bridge start,N2,B,40.99999999999682,False,0.0
2193,Bridge end,N2,B,448.9999999999554,False,0.0
2195,Bridge start,N2,A,81.99999999999363,False,0.0
2196,Bridge end,N2,A,658.0000000000155,False,0.0
2198,Bridge start,N2,A,38.99999999998727,False,0.0
2199,Bridge end,N2,A,951.9999999999982,False,0.0
2204,Bridge start,N2,A,40.99999999999682,False,0.0
2205,Bridge end,N2,A,72.00000000000273,False,0.0
2207,Bridge start,N2,A,28.99999999999636,False,0.0
2208,Bridge end,N2,A,882.000000000005,False,0.0
2212,Box culvert,N2,A,444.0000000000168,False,0.0
2213,Box culvert,N2,A,319.9999999999932,True,5031.696153434537
2215,Box culvert,N2,A,158.00000000001546,True,147962.24296102574
2216,Box culvert,N2,A,307.9999999999927,False,0.0
2218,Box culvert,N2,A,324.99999999998863,False,0.0
2219,Box culvert,N2,Unknown,380.9999999999718,False,0.0
2221,Bridge start,N2,Unknown,38.000000000010914,False,0.0
2222,Bridge end,N2,Unknown,199.99999999998863,False,0.0
2223,Box culvert,N2,Unknown,256.00000000002865,False,0.0
2226,Box Culvert,N102,Unknown,665.9999999999999,False,0.0
2227,Box Culvert,N102,A,5.000000000000004,False,0.0
2230,Box Culvert,N102,A,301.00000000000017,False,0.0
2231,Box Culvert,N102,A,154.9999999999998,False,0.0
2232,Box Culvert,N102,A,480.0,False,0.0
2235,Box Culvert,N102,B,738.9999999999999,False,0.0
2239,Box Culvert,N102,C,1000.9999999999994,False,0.0
2241,Bridge start,N102,A,16.99999999999946,False,0.0
2242,Bridge End,N102,A,496.00000000000045,False,0.0
2244,Box Culvert,N102,A,326.99999999999994,False,0.0
2248,Box Culvert,N102,A,92.99999999999996,False,0.0
2249,Box Culvert,N102,C,7.999999999999119,False,0.0
2254,Box Culvert,N102,A,864.0000000000008,False,0.0
2257,Box Culvert,N102,A,614.0000000000008,False,0.0
2259,Box Culvert,N102,C,751.0000000000013,False,0.0
2261,Box Culvert,N102,A,359.00000000000176,False,0.0
2262,Box Culvert,N102,A,460.00000000000085,True,7347.130890628513
2266,Box Culvert,N102,B,390.99999999999824,False,0.0
2267,Box Culvert,N102,A,446.0000000000015,False,0.0
2269,Box Culvert,N102,A,283.00000000000125,False,0.0
2271,Bridge start,N102,A,36.000000000001364,False,0.0
2272,Bridge End,N102,A,343.9999999999976,True,7337.290776908868
2275,Bridge start,N102,A,120.000000000001,False,0.0
2276,Bridge End,N102,A,28.999999999999915,False,0.0
2279,Box Culvert,N102,A,152.00000000000102,False,0.0
2281,Box Culvert,N102,A,347.999999999999,False,0.0
2283,Box Culvert,N102,B,69.00000000000261,False,0.0
2285,Bridge start,N102,C,51.9999999999996,False,0.0
2286,Bridge End,N102,C,447.00000000000273,False,0.0
2287,Box Culvert,N102,A,327.99999999999943,False,0.0
2289,Box Culvert,N102,A,222.99999999999892,False,0.0
2290,Bridge start,N102,A,60.99999999999994,False,0.0
2291,Bridge End,N102,A,294.9999999999982,False,0.0
2292,Box Culvert,N102,A,44.00000000000048,False,0.0
2294,Bridge start,N102,B,28.999999999999915,False,0.0
2295,Bridge End,N102,B,347.999999999999,False,0.0
2297,Box Culvert,N102,B,195.00000000000028,False,0.0
2298,Box Culvert,N102,B,624.9999999999965,False,0.0
2299,Bridge start,N102,C,13.00000000000523,False,0.0
2300,Bridge End,N102,C,16.999999999995907,False,0.0
2302,Box Culvert,N102,C,287.9999999999967,True,7275.221567789382
2304,Bridge start,N102,C,12.000000000000457,False,0.0
2305,Bridge End,N102,C,598.9999999999966,False,0.0
2306,Bridge start,N102,A,10.000000000005116,False,0.0
2307,Bridge End,N102,C,309.9999999999952,False,0.0
2309,Box Culvert,N102,C,556.0000000000045,False,0.0
2310,Box Culvert,N102,A,410.9999999999943,False,0.0
2312,Bridge start,N102,C,354.0000000000063,False,0.0
2313,Bridge end,N102,C,453.9999999999935,False,0.0
2314,Bridge start,N102,B,15.000000000000568,False,0.0
2315,Bridge end,N102,A,36.000000000001364,True,117371.11913512892
2317,Box Culvert,N102,A,488.9999999999972,False,0.0
2318,Bridge start,N102,A,17.000000000003013,False,0.0
2319,Bridge End,N102,A,166.9999999999945,False,0.0
2320,Bridge start,N102,A,12.000000000000457,False,0.0
2321,Bridge End,N102,A,79.00000000000063,False,0.0
2323,Bridge start,N102,C,11.000000000002784,False,0.0
2324,Bridge End,N102,C,531.9999999999965,False,0.0
2325,Box Culvert,N102,A,26.00000000000336,False,0.0
2328,Bridge start,N102,A,24.00000000000091,False,0.0
2329,Bridge End,N102,A,448.99999999999807,False,0.0
2330,Box Culvert,N102,A,21.999999999998465,False,0.0
2332,Bridge start,N102,B,26.00000000000336,False,0.0
2333,Bridge End,N102,B,256.0000000000002,False,0.0
2336,Bridge start / Bridge End,N102,A,664.0000000000015,True,7293.464923183139
2338,Box Culvert,N102,B,689.9999999999977,True,7266.10252865504
2341,Culvert under Constriction,N102,A,33.00000000000125,False,0.0
2342,Divission Road,N102,A,181.99999999999503,False,0.0
2345,Bridge start,N102,A,39.99999999999915,False,0.0
2346,Bridge End,N102,B,287.9999999999967,False,0.0
2347,Bridge start,N102,B,30.000000000001137,True,116664.42062908807
2348,Bridge End,N102,B,240.000000000002,False,0.0
2350,Box Culvert,N102,A,711.9999999999961,False,0.0
2352,Bridge start,N102,A,19.99999999999602,False,0.0
2353,Bridge End,N102,A,226.0000000000062,False,0.0
2355,Box Culvert,N102,C,464.9999999999963,True,7161.412009848345
2357,Box Culvert,N102,B,375.99999999999767,False,0.0
2359,Bridge start,N102,B,18.99999999999835,False,0.0
2360,Bridge End,N102,B,811.0,False,0.0
2362,Box Culvert,N102,A,371.9999999999999,False,0.0
2363,Bridge start,N102,A,15.000000000000568,False,0.0
2364,Bridge End,N102,A,103.9999999999992,False,0.0
2366,Box Culvert,N102,B,146.9999999999985,False,0.0
2368,Bridge start,N102,A,53.00000000000438,False,0.0
2369,Bridge End,N102,A,415.9999999999968,False,0.0
2371,Bridge start,N102,B,43.99999999999693,False,0.0
2372,Bridge end,N102,B,679.000000000002,False,0.0
2375,Bridge start,N102,B,14.0000000000029,False,0.0
2376,Bridge End,N102,A,277.000000000001,False,0.0
2377,Box Culvert,N102,A,651.9999999999939,False,0.0
2380,Bridge start,N102,A,174.99999999999716,False,0.0
2381,Bridge End,N102,A,43.99999999999693,False,0.0
2384,Bridge start,N102,A,36.000000000001364,False,0.0
2385,Bridge End,N102,B,242.999999999995,False,0.0
2387,Box Culvert,N102,B,536.0000000000014,False,0.0
2388,Bridge start,N102,C,15.999999999998238,False,0.0
2389,Bridge End,N102,C,257.9999999999956,False,0.0
2390,Km post missing / Bridge start,N102,B,964.0000000000056,False,0.0
2391,Bridge End,N102,B,35.99999999999426,True,115289.01040214482
2395,Box Culvert,N102,A,667.0000000000016,False,0.0
2396,Box Culvert,N102,A,46.99999999999704,False,0.0
2398,Bridge start,N102,A,24.00000000000091,False,0.0
2399,Bridge End,N102,A,727.9999999999944,False,0.0
2402,Bridge start,N102,A,52.00000000000671,False,0.0
2403,Bridge End,N102,A,394.999999999996,False,0.0
2405,Box Culvert,N102,A,343.0000000000035,False,0.0
2407,Box Culvert,N102,A,344.0000000000083,False,0.0
2409,Box Culvert,N102,B,833.999999999989,False,0.0
2410,Start of Bridge,N102,D,53.00000000001148,True,207630.30956718954
2412,End of Bridge,N102,D,1007.000000000005,False,0.0
2414,Box Culvert,N102,B,459.99999999999375,False,0.0
2416,Bridge start,N102,B,96.9999999999942,False,0.0
2417,Bridge End,N102,B,130.00000000000966,False,0.0
2423,Bridge Start,N102,A,34.000000000006025,False,0.0
2424,Bridge End,N102,A,902.9999999999916,True,7066.028189026398
2431,Bridge Start,N102,B,21.99999999999136,False,0.0
2432,Bridge End,N102,B,510.9999999999957,False,0.0
2434,Box Culvert,N102,A,385.0000000000051,False,0.0
2435,Box Culvert,N102,B,223.9999999999896,False,0.0
2437,Box Culvert,N102,A,765.0000000000006,False,0.0
2439,Box Culvert,N102,B,626.0000000000048,True,7116.348188085217
2442,Box Culvert,N102,A,549.0000000000066,False,0.0
2445,Box culvert,N104,A,554.9999999999999,False,0.0
2449,Box culvert,N104,C,323.99999999999983,False,0.0
2453,Box culvert,N104,B,30.00000000000025,False,0.0
2458,Box culvert,N104,A,189.9999999999995,False,0.0
2459,Bridge start,N104,A,40.00000000000093,False,0.0
2460,Bridge end,N104,A,94.99999999999886,False,0.0
2463,Box culvert,N104,C,577.9999999999994,True,5043.72828373964
2465,Box culvert,N104,A,371.9999999999999,False,0.0
2467,Bridge start,N104,A,64.9999999999995,False,0.0
2468,Bridge end,N104,A,47.0000000000006,False,0.0
2471,Box culvert,N104,C,792.9999999999993,True,4972.231192034392
2476,Box culvert,N104,C,707.0000000000007,False,0.0
2480,Box culvert,N104,A,599.9999999999978,False,0.0
2482,Box Culvert,N104,B,268.0000000000007,False,0.0
2483,Box Culvert,N104,B,32.00000000000003,False,0.0
2488,Box culvert,N104,C,397.99999999999966,False,0.0
2490,Bridge start,N104,C,10.000000000001563,True,81222.88344919795
2491,Bridge end,N104,C,189.99999999999773,False,0.0
2494,Box culvert,N104,B,62.000000000001165,False,0.0
2498,Box culvert,N104,A,736.0000000000007,False,0.0
2501,Slab culvert,N104,C,131.00000000000023,False,0.0
2503,2 V-Box culvert,N104,A,327.99999999999943,False,0.0
2506,Box culvert,N104,B,320.0000000000003,False,0.0
2508,Slab culvert,N104,C,378.0000000000001,False,0.0
2510,Box culvert,N104,B,679.000000000002,False,0.0
2514,Bridge start,N104,A,19.99999999999602,False,0.0
2515,Bridge end,N104,A,9.99999999999801,False,0.0
2520,Bridge start,N104,B,50.00000000000426,False,0.0
2521,Bridge end,N104,B,457.9999999999984,False,0.0
2525,Box culvert,N104,A,277.9999999999987,False,0.0
2527,Box culvert,N104,C,540.9999999999968,True,4956.958517889469
2528,Box culvert,N104,C,447.00000000000273,False,0.0
2530,Bridge start,N104,B,19.99999999999602,False,0.0
2531,Bridge end,N104,B,234.99999999999943,False,0.0
2533,Box culvert,N104,B,662.9999999999967,False,0.0
2535,Box culvert,N104,D,429.9999999999997,True,4986.100747613742
2537,Box culvert,N104,A,709.9999999999937,False,0.0
2540,Box Culvert,N104,Unknown,210.00000000000085,False,0.0
2542,Bridge start,N104,Unknown,12.000000000000457,False,0.0
2543,Bridge end,N104,Unknown,20.000000000003126,False,0.0
2545,Box Culvert,N104,C,380.00000000000256,False,0.0
2546,Box Culvert,N104,C,83.99999999999608,False,0.0
2547,Bridge start,N104,C,9.000000000000341,True,32148.66517672325
2548,Bridge end,N104,A,326.9999999999982,False,0.0
2549,Box Culvert,N104,A,60.000000000002274,False,0.0
2553,Box culvert,N104,A,270.0000000000031,False,0.0
2554,Box Culvert,N104,B,101.99999999999676,False,0.0
2556,Box culvert,N104,B,244.99999999999744,False,0.0
2559,Bridge start,N104,B,85.99999999999852,False,0.0
2560,Bridge end,N104,A,774.0000000000009,False,0.0
2561,Box culvert,N104,B,219.9999999999989,False,0.0
2563,Box culvert,N104,A,521.9999999999984,False,0.0
2564,Box culvert,N104,A,115.99999999999966,False,0.0
2569,Box culvert,N105,A,933.9999999999998,False,0.0
2570,"Bangabandhu Bridge 128 km,Mymensingh 132 km",N105,A,282.0,False,0.0
2571,Box culvert,N105,A,773.0000000000001,False,0.0
2572,"Bangabandhu bridge 127 km,Mymensingh 130 km",N105,Unknown,696.0000000000002,False,0.0
2573,Box culvert,N105,A,300.0000000000003,False,0.0
2574,"Bangabandhu bridge 126 km,Mymensingh 129 km,Gazipur 45 km",N105,A,429.9999999999997,False,0.0
2576,"Bangabandhu bridge 125 km,Mymensingh 128 km,Gazipur 44 km",N105,Unknown,564.0,False,0.0
2577,Box culvert,N105,A,436.0,False,0.0
2578,"Bangabandhu bridge 124 km,Gazipur 43 km,Mymensingh 127 km",N105,A,100.99999999999996,False,0.0
2579,Box culvert,N105,A,80.00000000000007,True,0.0
2581,Box Culvert,N105,Unknown,347.0000000000004,False,0.0
2582,"Bangabondhu Bridge-123 km,Mymanshingh -126 km, Gazipur 42 km",N105,Unknown,94.99999999999974,False,0.0
2584,Bridge Start,N105,Unknown,42.0000000000007,False,0.0
2585,Bridge end,N105,Unknown,312.0000000000003,False,0.0
2586,"Bangabondhu Bridge- 122 km, Mymensingh- 125 km, Gazipur 41km",N105,Unknown,1021.9999999999984,False,0.0
2587,"Bangabondhu Bridge 121km, Mymensingh- 124 km, Gazipur 40 km",N105,Unknown,125.0,False,0.0
2588,Box Culvert,N105,Unknown,417.0000000000016,False,0.0
2589,Bridge Start,N105,Unknown,28.999999999999915,False,0.0
2590,Bridge end,N105,Unknown,436.9999999999994,False,0.0
2591,"Bangabondhu Bridge- 120 km, Mymensingh- 123 km, Gazipur 39 km",N105,Unknown,266.99999999999943,False,0.0
2592,Box Culvert,N105,Unknown,485.0000000000012,False,0.0
2593,Bridge Start,N105,Unknown,30.999999999998806,False,0.0
2594,Bridge end,N105,Unknown,256.99999999999966,False,0.0
2596,"Bangabondhu Bridge 118 km, Mymenshingh 151 km, Gazipur 37 km",N105,Unknown,546.0000000000011,False,0.0
2603,Box Culvert,N105,Unknown,309.000000000001,False,0.0
2604,Box Culvert,N105,Unknown,65.99999999999895,False,0.0
2606,Box Culvert,N105,A,119.99999999999744,True,173542.9889234042
2608,Box Culvert,N105,A,363.0000000000031,False,0.0
2609,Box Culvert,N105,A,270.99999999999727,False,0.0
2610,"km Post missing / Bridge Start, Kanchon Bridge",N105,A,812.0000000000011,False,0.0
2611,Bridge end,N105,A,131.00000000000023,False,0.0
2613,km Post missing / Box Culvert,N105,A,621.0000000000023,False,0.0
2614,Box Culvert,N105,A,780.9999999999989,False,0.0
2615,"Bangabandhu Bridge- 109 km, Tangail-86 km, Gazipur- 28 km",N105,A,682.9999999999998,False,0.0
2616,Box Culvert,N105,A,310.99999999999994,False,0.0
2618,"Bangabandhu Bridge- 107 km, Tangail-84 km, Gazipur- 26 km",N105,A,230.00000000000043,False,0.0
2619,Box Culvert,N105,A,256.9999999999979,False,0.0
2620,Box Culvert,N105,Unknown,513.0000000000017,False,0.0
2622,Box Culvert,N105,Unknown,228.9999999999992,False,0.0
2623,Box Culvert,N105,A,27.999999999998693,True,94795.05825233516
2624,Culvert,N105,A,440.0000000000013,False,0.0
2626,"Bangabandhu bridge 104 km, Mymenshingh-108 km, Gazipur- 23 km",N105,A,19.999999999999574,False,0.0
2627,Box Culvert,N105,A,839.9999999999999,False,0.0
2628,Box Culvert,N105,A,35.00000000000014,False,0.0
2630,"Bangabandhu Bridge- 103 km, Tangail-80 km, Gazipur- 22 km",N105,A,413.0000000000002,False,0.0
2631,Box Culvert,N105,A,586.000000000002,False,0.0
2635,Bridge Start,N105,A,181.0000000000009,False,0.0
2636,Bridge end,N105,A,190.00000000000128,False,0.0
2638,Box culvert,N105,A,474.9999999999978,False,0.0
2639,Box culvert,N105,A,545.0000000000017,False,0.0
2641,Box culvert,N105,A,245.9999999999951,False,0.0
2642,Box Culvert,N105,Unknown,496.0000000000022,False,0.0
2643,"Gazipur 17 km, Tangail 75 km, Bangabandhu 98 km, / Bridge start",N105,Unknown,152.00000000000102,False,0.0
2644,Bridge end,N105,Unknown,607.999999999997,False,0.0
2645,Box culvert,N105,A,280.00000000000114,False,0.0
2646,"Gazipur 16 km,Tangail 74 km,Bangabandhu Bridge 97 km",N105,A,329.9999999999983,False,0.0
2647,Box culvert,N105,A,670.0000000000017,False,0.0
2652,Box culvert,N105,A,421.999999999997,False,0.0
2653,Box culvert,N105,Unknown,225.00000000000145,False,0.0
2654,Box Culvert,N105,A,307.00000000000216,False,0.0
2655,"Gazipur 13 km,Mymensingh 98 km,Bangabandhu Bridge 94 km",N105,A,412.9999999999967,False,0.0
2656,Pipe Culvert,N105,A,587.0000000000033,False,0.0
2657,"Gazipur 12 km,Tangail 70 km,Bangabandhu bridge 93 km",N105,A,282.99999999999415,False,0.0
2658,Box Culvert,N105,A,717.0000000000059,False,0.0
2662,Box culvert,N105,A,564.0,False,0.0
2663,"Gazipur 9 km, Tangail 67 km, Bangabandhu Bridge 90 km",N105,A,134.00000000000034,False,0.0
2664,Box culvert,N105,A,512.0000000000005,False,0.0
2665,Box culvert,N105,A,454.0000000000006,False,0.0
2667,B.Bridge 88 km,N105,Unknown,201.0000000000005,False,0.0
2668,Box culvert,N105,Unknown,148.9999999999938,False,0.0
2670,Box Culvert,N105,Unknown,367.0000000000044,False,0.0
2671,"B.Bridge 87 km,Tangail 64 km",N105,Unknown,73.0000000000004,False,0.0
2672,Box Culvert,N105,Unknown,299.9999999999972,False,0.0
2673,Box Culvert,N105,Unknown,299.9999999999972,False,0.0
2674,Box Culvert,N105,Unknown,327.0000000000053,False,0.0
2677,Box Culvert,N105,Unknown,340.0000000000034,False,0.0
2678,Box Culvert,N105,Unknown,239.99999999999488,False,0.0
2679,Box Culvert,N105,Unknown,56.00000000000449,False,0.0
2680,"B.Bridge 85 km,Tangail 162 km",N105,Unknown,783.9999999999989,False,0.0
2681,Box culvert,N105,Unknown,621.9999999999999,False,0.0
2682,Box Culvert,N105,Unknown,604.9999999999968,False,0.0
2685,Box culvert,N204,C,84.99999999999997,False,0.0
2687,Bridge start,N204,A,41.99999999999993,False,0.0
2688,Bridge end,N204,A,188.00000000000009,False,0.0
2689,Box culvert,N204,C,472.0,True,5275.407644545078
2690,Box culvert,N204,C,121.99999999999989,False,0.0
2692,Box culvert,N204,B,460.00000000000017,False,0.0
2694,Box culvert,N204,B,960.0,False,0.0
2702,Box culvert,N204,B,368.00000000000034,False,0.0
2703,Bridge start,N204,B,16.000000000000014,False,0.0
2704,Bridge end,N204,B,304.9999999999997,True,5253.946284606177
2707,Box culvert,N204,C,326.99999999999994,False,0.0
2709,Box culvert,N204,B,388.9999999999993,False,0.0
2710,Box culvert,N204,C,442.9999999999996,False,0.0
2712,Box culvert,N204,A,445.0000000000003,False,0.0
2713,Box Culvert,N204,A,539.9999999999991,False,0.0
2715,Box culvert,N204,A,137.9999999999999,False,0.0
2716,Box Culvert,N204,A,139.9999999999988,False,0.0
2719,Box culvert,N204,A,205.99999999999952,False,0.0
2720,Pipe Culvert,N204,A,358.00000000000057,False,0.0
2721,Box Culvert,N204,A,304.0000000000003,False,0.0
2722,Box Culvert,N204,Unknown,59.99999999999872,False,0.0
2724,Box culvert,N204,Unknown,563.0000000000006,False,0.0
2725,Bridge start,N204,A,41.99999999999804,False,0.0
2726,Bridge end,N204,A,220.0000000000024,False,0.0
2727,Pipe Culvert,N204,B,166.99999999999804,False,0.0
2729,Box culvert,N204,B,446.9999999999992,False,0.0
2730,Bridge start,N204,A,9.000000000000341,False,0.0
2731,Bridge end,N204,A,251.0000000000012,False,0.0
2732,Bridge start,N204,A,53.00000000000082,False,0.0
2733,Bridge end,N204,A,93.99999999999764,False,0.0
2737,Box culvert,N204,Unknown,165.0000000000027,False,0.0
2739,Box Culvert,N204,Unknown,198.0000000000004,False,0.0
2741,Box culvert,N204,A,27.999999999998693,False,0.0
2742,Box culvert,N204,A,194.0000000000026,False,0.0
2743,Bridge start,N204,A,36.99999999999904,False,0.0
2744,Bridge end,N204,A,498.00000000000114,False,0.0
2747,Box culvert,N204,Unknown,341.99999999999875,False,0.0
2748,Pipe Culvert,N204,Unknown,493.9999999999998,False,0.0
2749,Pipe Culvert,N204,Unknown,104.00000000000276,False,0.0
2751,Box culvert,N204,A,569.0000000000026,False,0.0
2752,Box culvert,N204,A,102.00000000000033,False,0.0
2756,Box culvert,N204,A,450.0000000000029,False,0.0
2758,Pipe Culvert,N204,A,96.00000000000009,False,0.0
2760,Box culvert,N204,A,760.9999999999992,False,0.0
2761,Box culvert,N204,C,45.000000000001705,True,85156.28330158214
2763,Box culvert,N204,C,403.9999999999999,False,0.0
2767,Bridge start,N204,A,116.99999999999731,False,0.0
2768,Bridge end,N204,A,66.0000000000025,False,0.0
2770,Box culvert,N204,A,8.000000000002672,False,0.0
2772,Box culvert,N204,A,189.00000000000009,False,0.0
2773,Box culvert,N204,A,536.0000000000014,False,0.0
2775,Box culvert,N204,A,134.00000000000034,False,0.0
2778,Pipe culvert,N207,B,231.0,False,0.0
2779,Bridge Start,N207,B,21.999999999999964,False,0.0
2780,Bridge end,N207,B,521.0,False,0.0
2782,Bridge start,N207,A,24.00000000000002,False,0.0
2783,Bridge end,N207,A,461.00000000000006,False,0.0
2785,Bridge start,N207,B,31.00000000000014,False,0.0
2786,Bridge end,N207,B,66.00000000000028,False,0.0
2789,Bridge start,N207,B,35.00000000000014,True,60548.70752740456
2790,Bridge end,N207,B,101.99999999999989,False,0.0
2794,Pipe culvert,N207,A,400.00000000000034,False,0.0
2797,Box Culvert,N207,C,682.0000000000003,False,0.0
2798,Box Culvert,N207,A,186.0,False,0.0
2800,Box Culvert,N207,Unknown,192.00000000000017,False,0.0
2801,Box Culvert,N207,Unknown,160.00000000000014,False,0.0
2802,Box Culvert,N207,Unknown,573.0000000000005,False,0.0
2804,Box Culvert,N207,Unknown,788.9999999999997,False,0.0
2807,Box Culvert,N207,Unknown,369.9999999999992,False,0.0
2810,Box Culvert,N207,A,169.99999999999994,False,0.0
2814,Box Culvert,N207,Unknown,495.000000000001,False,0.0
2815,Box Culvert,N207,A,184.99999999999872,False,0.0
2817,Bridge start,N207,A,32.00000000000003,False,0.0
2818,Bridge end,N207,A,603.9999999999992,False,0.0
2819,Box Culvert,N207,A,9.99999999999801,False,0.0
2821,Bridge start,N207,A,45.999999999999375,False,0.0
2822,Bridge end,N207,A,864.0000000000008,False,0.0
2824,Box Culvert,N207,B,320.99999999999795,False,0.0
2825,Box Culvert,N207,A,641.0000000000018,False,0.0
2827,Box Culvert,N207,Unknown,458.99999999999966,False,0.0
2829,Bridge start,N207,A,12.000000000000457,True,59737.743168082976
2830,Bridge end,N207,A,67.00000000000017,False,0.0
2832,Box Culvert,N207,A,41.00000000000037,False,0.0
2836,Box culvert,N207,A,283.9999999999989,False,0.0
2837,Box Culvert,N207,B,237.00000000000188,False,0.0
2838,Box Culvert,N207,B,218.0,False,0.0
2839,Box Culvert,N207,B,153.99999999999991,False,0.0
2841,Box Culvert,N207,A,576.0000000000005,False,0.0
2842,Box Culvert,N207,B,292.99999999999926,False,0.0
2844,Box Culvert,N207,B,346.9999999999977,False,0.0
2845,Box Culvert,N207,B,499.00000000000233,False,0.0
2846,Bridge start,N207,A,18.000000000000682,False,0.0
2847,Bridge end,N207,A,99.99999999999788,False,0.0
2849,Box Culvert,N207,A,397.99999999999966,False,0.0
2850,Box Culvert,N207,A,343.0,False,0.0
2852,Box Culvert,N207,A,172.0000000000006,False,0.0
2853,Box Culvert,N207,A,298.9999999999995,False,0.0
2854,Box Culvert,N207,C,160.00000000000014,False,0.0
2856,Box Culvert,N207,C,307.99999999999983,False,0.0
2857,Box Culvert,N207,A,532.9999999999977,False,0.0
2858,Box Culvert,N207,C,27.000000000001023,False,0.0
2860,Box Culvert,N207,Unknown,419.9999999999982,False,0.0
2862,Box Culvert,N207,D,260.0000000000051,False,0.0
2863,Box Culvert,N207,B,119.99999999999744,False,0.0
2865,Box Culvert,N207,A,381.0000000000002,False,0.0
2866,Box Culvert,N207,A,484.00000000000176,False,0.0
2868,Box Culvert,N207,A,838.0000000000009,False,0.0
2870,Box Culvert,N207,B,238.00000000000665,False,0.0
2872,Box Culvert,N207,C,685.0000000000023,True,3728.610079268094
2874,Box Culvert,N207,C,329.0000000000006,False,0.0
2875,Box Culvert,N207,C,465.0000000000034,False,0.0
2876,Box Culvert,N207,A,147.9999999999961,False,0.0
2878,Box Culvert,N207,B,250.0,False,0.0
2879,Box Culvert,N207,B,105.99999999999454,False,0.0
2881,Box Culvert,N207,A,547.0000000000041,False,0.0
2882,Box Culvert,N207,A,218.9999999999941,False,0.0
2884,Box Culvert,N207,A,263.9999999999958,False,0.0
2885,Box Culvert,N207,D,408.9999999999989,True,3704.478920350576
2887,Box Culvert,N207,A,527.000000000001,False,0.0
2888,Box Culvert,N207,A,330.999999999996,False,0.0
2890,Box Culvert,N207,C,38.00000000000381,False,0.0
2893,Bridge start,N207,C,23.999999999993804,False,0.0
2894,Bridge end,N207,C,736.0000000000042,True,6687.483756333447
2899,Box Culvert,N207,Unknown,329.9999999999983,False,0.0
2901,Box Culvert,N207,Unknown,472.0000000000013,False,0.0
2902,Box Culvert,N207,Unknown,496.9999999999999,False,0.0
2906,Box Culvert,N207,A,448.99999999999807,False,0.0
2907,Box Culvert,N207,A,25.000000000005684,False,0.0
2909,Box Culvert,N207,A,706.0000000000031,False,0.0
2911,Box Culvert,N207,A,495.9999999999951,False,0.0
2914,Box Culvert,N207,Unknown,400.99999999999625,False,0.0
2916,Bridge start,N207,A,19.99999999999602,False,0.0
2917,Bridge end,N207,A,274.9999999999986,False,0.0
2919,Box Culvert,N207,A,677.9999999999973,False,0.0
2923,Box Culvert,N207,A,410.9999999999943,False,0.0
2925,Box Culvert,N207,C,422.00000000000415,False,0.0
2926,Bridge start,N207,A,65.9999999999954,False,0.0
2927,Bridge end,N207,C,98.00000000000608,False,0.0
2929,Box Culvert,N207,A,703.000000000003,False,0.0
2931,Bridge start,N207,A,12.000000000000457,False,0.0
2932,Bridge end,N207,A,740.9999999999997,False,0.0
2934,Bridge start,N207,A,112.00000000000898,False,0.0
2935,Bridge end,N207,B,550.9999999999877,False,0.0
2936,Box Culvert,N207,B,20.000000000010232,False,0.0
2939,Box Culvert,N207,A,594.0000000000083,False,0.0
2945,Box culvert,N208,A,515.0000000000001,False,0.0
2946,Box Culvert,N208,A,179.99999999999994,False,0.0
2948,Bridge start,N208,A,16.999999999999904,False,0.0
2949,Bridge end,N208,A,474.0000000000002,False,0.0
2952,Bridge start,N208,A,149.99999999999991,True,0.0
2953,Bridge end,N208,A,350.0000000000001,False,0.0
2955,Box culvert,N208,A,386.9999999999996,False,0.0
2957,Box culvert,N208,A,472.9999999999999,False,0.0
2958,Box culvert,N208,A,28.999999999999915,False,0.0
2960,Box culvert,N208,A,355.9999999999999,False,0.0
2962,Box culvert,N208,A,56.00000000000005,False,0.0
2963,Box culvert,N208,A,884.9999999999998,False,0.0
2965,Box culvert,N208,A,299.9999999999989,True,0.0
2967,Bridge start,N208,B,38.9999999999997,False,0.0
2968,Bridge end,N208,B,373.00000000000114,False,0.0
2970,Box culvert,N208,A,339.0000000000004,False,0.0
2971,Box culvert,N208,A,562.0000000000011,False,0.0
2973,Box culvert,N208,A,169.00000000000048,False,0.0
2974,Box culvert,N208,A,162.0000000000008,False,0.0
2976,Box culvert,N208,A,634.0000000000003,False,0.0
2978,Box culvert,N208,Unknown,643.0000000000007,False,0.0
2980,Box Culvert,N208,A,330.00000000000006,True,0.0
2982,Box culvert,N208,B,202.9999999999994,False,0.0
2984,Box culvert,N208,A,855.9999999999999,False,0.0
2986,Box culvert,N208,A,171.9999999999988,False,0.0
2987,Box culvert,N208,B,768.0000000000007,False,0.0
2989,Box culvert,N208,A,408.0000000000013,False,0.0
2990,Box culvert,N208,A,510.9999999999992,False,0.0
2992,Box culvert,N208,Unknown,574.9999999999993,False,0.0
2994,Bridge start,N208,A,22.00000000000201,False,0.0
2995,Bridge end,N208,A,891.9999999999994,False,0.0
2997,Bridge start,N208,A,70.99999999999795,False,0.0
2998,Bridge END,N208,A,432.99999999999983,False,0.0
2999,Box culvert,N208,A,144.0000000000019,False,0.0
3000,Box culvert,N208,B,56.99999999999861,False,0.0
3002,Box culvert,N208,A,253.99999999999773,False,0.0
3003,Box Culvert,N208,A,571.0000000000015,False,0.0
3005,Box culvert,N208,B,733.0000000000006,False,0.0
3006,Box culvert,N208,A,178.00000000000082,False,0.0
3007,Box Culvert,N208,A,53.999999999998494,False,0.0
3009,Box culvert,N208,A,333.99999999999966,False,0.0
3010,Box culvert,N208,A,131.9999999999979,False,0.0
3011,Box culvert,N208,A,177.00000000000315,False,0.0
3012,Box Culvert,N208,C,12.999999999998124,False,0.0
3014,Box culvert,N208,C,420.9999999999994,False,0.0
3015,Box culvert,N208,C,257.0000000000015,True,0.0
3017,Box culvert,N208,B,441.0000000000025,False,0.0
3018,Bridge start,N208,A,45.999999999999375,False,0.0
3019,Bridge end,N208,B,161.00000000000136,False,0.0
3020,Box culvert,N208,B,181.9999999999986,False,0.0
3022,Box culvert,N208,A,868.9999999999998,False,0.0
3023,Box culvert,N208,A,39.99999999999915,False,0.0
3025,Bridge start,N208,B,27.999999999998693,False,0.0
3026,Bridge end,N208,A,106.00000000000163,False,0.0
3027,Box culvert,N208,A,506.0000000000002,False,0.0
3028,Box culvert,N208,A,146.9999999999985,False,0.0
3029,Box culvert,N208,B,111.99999999999832,False,0.0
3030,Box culvert,N208,A,20.000000000003126,False,0.0
3032,Box culvert,N208,A,301.9999999999996,True,0.0
3033,Box culvert,N208,B,275.9999999999998,False,0.0
3034,Box culvert,N208,A,92.0000000000023,False,0.0
3036,Box culvert,N208,A,103.9999999999992,False,0.0
3037,Box culvert,N208,A,257.9999999999991,False,0.0
3038,Bridge start,N208,A,30.000000000001137,False,0.0
3039,Bridge end,N208,A,381.0000000000002,False,0.0
3041,Box culvert,N208,A,501.99999999999886,False,0.0
3042,Box culvert,N208,A,399.0000000000009,False,0.0
3043,Box culvert,N208,A,60.000000000002274,False,0.0
3045,Box culvert,N208,A,216.00000000000108,False,0.0
3046,Box culvert,N208,A,300.9999999999984,False,0.0
3047,Box culvert,N208,A,179.99999999999972,False,0.0
3049,Box culvert,N208,A,248.9999999999988,False,0.0
3050,Box Culvert,N208,A,60.000000000002274,False,0.0
3052,Bridge start,N208,A,27.000000000001023,False,0.0
3053,Bridge end,N208,A,182.99999999999983,False,0.0
3055,Box culvert,N208,A,393.9999999999984,False,0.0
3056,Box culvert,N208,A,547.0000000000041,False,0.0
3058,Box culvert,N208,A,204.9999999999983,False,0.0
3059,Box culvert,N208,A,238.9999999999972,False,0.0
3060,Box culvert,N208,A,121.99999999999989,False,0.0
3061,Box culvert,N208,A,115.000000000002,False,0.0
3063,Box culvert,N208,C,85.00000000000085,False,0.0
3064,Box culvert,N208,A,64.99999999999773,False,0.0
3065,Box culvert,N208,A,199.0000000000052,False,0.0
3066,Box culvert,N208,A,154.99999999999403,False,0.0
3067,Box Culvert,N208,A,121.00000000000222,False,0.0
3070,Bridge start,N208,A,270.0000000000031,False,0.0
3071,Bridge end,N208,Unknown,591.9999999999987,False,0.0
3073,Box culvert,N208,B,731.9999999999993,False,0.0
3075,Bridge start,N208,B,131.00000000000023,False,0.0
3076,Bridge end,N208,B,289.99999999999915,False,0.0
3080,Box culvert,N208,A,43.99999999999693,False,0.0
3082,Bridge start,N208,B,49.99999999999716,False,0.0
3083,Km post missing / Bridge end,N208,B,582.9999999999984,False,0.0
3084,Box culvert,N208,B,417.0000000000016,False,0.0
3086,Box culvert,N208,B,284.9999999999966,False,0.0
3087,Bridge start,N208,B,42.00000000000159,False,0.0
3088,Bridge end,N208,B,473.9999999999967,False,0.0
3091,Bridge start,N208,A,31.99999999999648,True,0.0
3092,Bridge end,N208,A,807.9999999999998,False,0.0
3094,Bridge start,N208,A,33.99999999999892,False,0.0
3095,Bridge end,N208,A,701.0000000000005,False,0.0
3097,Box culvert,N208,A,679.9999999999998,False,0.0
3098,Bridge start,N208,A,33.99999999999892,False,0.0
3099,Bridge end,N208,A,123.99999999999524,False,0.0
3102,Bridge start,N208,A,27.999999999998693,False,0.0
3103,Bridge end,N208,A,856.9999999999993,True,0.0
3107,Box culvert,N208,A,229.99999999999687,False,0.0
3110,Bridge start,N208,A,24.99999999999858,False,0.0
3111,Bridge end,N208,A,896.9999999999984,False,0.0
3116,Box culvert,N208,A,85.00000000000085,False,0.0
