scenario_id,replication_id,rows,sum_value,mean_value,median_value,metric_group
0,1,1329,737595.0,555.0,555.0,driving_time
0,2,1329,737595.0,555.0,555.0,driving_time
0,3,1329,737595.0,555.0,555.0,driving_time
0,4,1329,737595.0,555.0,555.0,driving_time
0,5,1329,737595.0,555.0,555.0,driving_time
0,6,1329,737595.0,555.0,555.0,driving_time
0,7,1329,737595.0,555.0,555.0,driving_time
0,8,1329,737595.0,555.0,555.0,driving_time
0,9,1329,737595.0,555.0,555.0,driving_time
0,10,1329,737595.0,555.0,555.0,driving_time
1,1,1326,744376.0,561.3695324283559,555.0,driving_time
1,2,1328,747838.0,563.1310240963855,555.0,driving_time
1,3,1328,748733.0,563.8049698795181,555.0,driving_time
1,4,1328,749532.0,564.406626506024,555.0,driving_time
1,5,1328,746031.0,561.7703313253012,555.0,driving_time
1,6,1329,747683.0,562.5906696764484,555.0,driving_time
1,7,1327,748565.0,564.1032403918614,555.0,driving_time
1,8,1328,747859.0,563.1468373493976,555.0,driving_time
1,9,1328,748733.0,563.8049698795181,555.0,driving_time
1,10,1328,749231.0,564.1799698795181,555.0,driving_time
2,1,1326,754022.0,568.6440422322776,558.0,driving_time
2,2,1327,757673.0,570.966842501884,558.0,driving_time
2,3,1327,758925.0,571.9103240391861,557.0,driving_time
2,4,1326,760252.0,573.342383107089,558.0,driving_time
2,5,1328,758381.0,571.0700301204819,557.0,driving_time
2,6,1324,754889.0,570.1578549848942,558.0,driving_time
2,7,1326,756970.0,570.867269984917,558.0,driving_time
2,8,1325,758962.0,572.8015094339622,558.0,driving_time
2,9,1323,756492.0,571.8004535147393,557.0,driving_time
2,10,1326,762865.0,575.3129713423831,558.0,driving_time
3,1,1290,991110.0,768.3023255813954,757.0,driving_time
3,2,1285,1006356.0,783.156420233463,775.0,driving_time
3,3,1275,1007935.0,790.5372549019608,784.0,driving_time
3,4,1282,998311.0,778.7137285491419,767.5,driving_time
3,5,1286,1003461.0,780.296267496112,773.0,driving_time
3,6,1278,1013105.0,792.7269170579029,779.0,driving_time
3,7,1287,1019143.0,791.8749028749029,778.0,driving_time
3,8,1285,996251.0,775.292607003891,764.0,driving_time
3,9,1283,1002943.0,781.7170693686672,770.0,driving_time
3,10,1284,1014875.0,790.4010903426791,778.5,driving_time
4,1,1233,1218282.0,988.0632603406326,975.0,driving_time
4,2,1238,1249093.0,1008.9604200323101,998.0,driving_time
4,3,1231,1253377.0,1018.1779041429731,1015.0,driving_time
4,4,1244,1245087.0,1000.8737942122186,992.5,driving_time
4,5,1242,1241264.0,999.4074074074074,994.5,driving_time
4,6,1230,1252121.0,1017.9845528455285,1014.0,driving_time
4,7,1230,1265845.0,1029.1422764227643,1021.0,driving_time
4,8,1244,1242803.0,999.0377813504823,988.0,driving_time
4,9,1235,1246522.0,1009.3295546558704,1004.0,driving_time
4,10,1230,1261131.0,1025.309756097561,1015.5,driving_time
5,1,1204,1420374.0,1179.7126245847176,1169.0,driving_time
5,2,1192,1416764.0,1188.5604026845638,1179.5,driving_time
5,3,1206,1451987.0,1203.969320066335,1190.5,driving_time
5,4,1201,1447454.0,1205.2073272273105,1191.0,driving_time
5,5,1206,1431104.0,1186.653399668325,1176.0,driving_time
5,6,1201,1439931.0,1198.9433805162364,1189.0,driving_time
5,7,1193,1456130.0,1220.5616093880972,1216.0,driving_time
5,8,1203,1411396.0,1173.2302576891107,1170.0,driving_time
5,9,1195,1432712.0,1198.9221757322175,1194.0,driving_time
5,10,1195,1448222.0,1211.9012552301256,1203.0,driving_time
6,1,1076,1942576.0,1805.368029739777,1799.5,driving_time
6,2,1073,1967809.0,1833.9319664492077,1819.0,driving_time
6,3,1070,1971879.0,1842.877570093458,1835.5,driving_time
6,4,1064,1961675.0,1843.6795112781954,1843.5,driving_time
6,5,1083,1964958.0,1814.365650969529,1798.0,driving_time
6,6,1065,1974779.0,1854.2525821596244,1855.0,driving_time
6,7,1068,1992179.0,1865.3361423220974,1846.5,driving_time
6,8,1081,1955860.0,1809.3061979648473,1798.0,driving_time
6,9,1068,1966270.0,1841.0767790262173,1827.0,driving_time
6,10,1061,1986665.0,1872.445805843544,1867.0,driving_time
7,1,933,2354047.0,2523.0943193997855,2522.0,driving_time
7,2,935,2386434.0,2552.3358288770055,2552.0,driving_time
7,3,937,2404318.0,2565.974386339381,2552.0,driving_time
7,4,939,2407471.0,2563.866879659212,2550.0,driving_time
7,5,943,2392721.0,2537.3499469777307,2534.0,driving_time
7,6,923,2349881.0,2545.9165763813653,2525.0,driving_time
7,7,921,2399709.0,2605.547231270358,2603.0,driving_time
7,8,925,2342347.0,2532.267027027027,2533.0,driving_time
7,9,932,2368305.0,2541.0997854077254,2532.0,driving_time
7,10,926,2393992.0,2585.304535637149,2579.0,driving_time
8,1,522,2332068.0,4467.563218390805,4478.5,driving_time
8,2,526,2397779.0,4558.515209125475,4539.0,driving_time
8,3,508,2273731.0,4475.84842519685,4476.5,driving_time
8,4,516,2340293.0,4535.451550387597,4520.5,driving_time
8,5,534,2389357.0,4474.451310861423,4484.5,driving_time
8,6,510,2313966.0,4537.1882352941175,4517.5,driving_time
8,7,500,2307011.0,4614.022,4604.5,driving_time
8,8,529,2370310.0,4480.737240075614,4466.0,driving_time
8,9,521,2359695.0,4529.165067178503,4520.0,driving_time
8,10,505,2307045.0,4568.40594059406,4587.0,driving_time
0,1,799,0.0,0.0,0.0,bridge_wait_time
0,2,799,0.0,0.0,0.0,bridge_wait_time
0,3,799,0.0,0.0,0.0,bridge_wait_time
0,4,799,0.0,0.0,0.0,bridge_wait_time
0,5,799,0.0,0.0,0.0,bridge_wait_time
0,6,799,0.0,0.0,0.0,bridge_wait_time
0,7,799,0.0,0.0,0.0,bridge_wait_time
0,8,799,0.0,0.0,0.0,bridge_wait_time
0,9,799,0.0,0.0,0.0,bridge_wait_time
0,10,799,0.0,0.0,0.0,bridge_wait_time
1,1,799,8345.92738738115,10.445466066809951,0.0,bridge_wait_time
1,2,799,10745.100880942862,13.448186334096198,0.0,bridge_wait_time
1,3,799,11400.44779807968,14.268395241651664,0.0,bridge_wait_time
1,4,799,12425.246285957992,15.550996603201492,0.0,bridge_wait_time
1,5,799,8834.31297843052,11.056712113179625,0.0,bridge_wait_time
1,6,799,10011.58290038764,12.530141302112192,0.0,bridge_wait_time
1,7,799,12097.190570211986,15.140413729927392,0.0,bridge_wait_time
1,8,799,10837.877097582837,13.564301749165002,0.0,bridge_wait_time
1,9,799,11637.645072085827,14.565262918755728,0.0,bridge_wait_time
1,10,799,12011.06695767941,15.032624477696382,0.0,bridge_wait_time
2,1,799,17834.10930822402,22.320537306913664,0.0,bridge_wait_time
2,2,799,21395.782340637285,26.77820067664241,0.0,bridge_wait_time
2,3,799,22135.74243189006,27.704308425394316,0.0,bridge_wait_time
2,4,799,24383.832665058555,30.51793825414087,0.0,bridge_wait_time
2,5,799,20920.400902408397,26.183230165717642,0.0,bridge_wait_time
2,6,799,19747.91495394259,24.71578842796319,0.0,bridge_wait_time
2,7,799,20783.74928872244,26.01220186323209,0.0,bridge_wait_time
2,8,799,23811.78168942588,29.80197958626518,0.0,bridge_wait_time
2,9,799,22585.78660660198,28.26756771789985,0.0,bridge_wait_time
2,10,799,26994.254567044623,33.785049520706664,0.0,bridge_wait_time
3,1,799,287499.08753745304,359.8236389705295,0.0,bridge_wait_time
3,2,799,307327.75399221655,384.640493106654,0.0,bridge_wait_time
3,3,799,318772.9939883157,398.9649486712336,0.0,bridge_wait_time
3,4,799,302530.75332186563,378.6367375742999,0.0,bridge_wait_time
3,5,799,303660.1487546562,380.05024875426307,0.0,bridge_wait_time
3,6,799,320877.19667577336,401.5984939621694,0.0,bridge_wait_time
3,7,799,319311.3770201091,399.638769737308,0.0,bridge_wait_time
3,8,799,297936.4203086545,372.8866336779155,0.0,bridge_wait_time
3,9,799,306287.5473286903,383.33860742013803,0.0,bridge_wait_time
3,10,799,316491.0378488139,396.10893347786475,0.0,bridge_wait_time
4,1,799,576149.1028432063,721.0877382267913,0.0,bridge_wait_time
4,2,799,604269.5365660689,756.282273549523,0.0,bridge_wait_time
4,3,799,614323.4596950874,768.8654063768303,0.0,bridge_wait_time
4,4,799,590390.4477544035,738.9116993171508,0.0,bridge_wait_time
4,5,799,590150.7796727209,738.6117392649824,0.0,bridge_wait_time
4,6,799,615286.5262421186,770.0707462354425,0.0,bridge_wait_time
4,7,799,628416.9469939214,786.5043141350706,0.0,bridge_wait_time
4,8,799,588995.0643818912,737.1652870862217,0.0,bridge_wait_time
4,9,799,603086.7855172688,754.8019843770574,0.0,bridge_wait_time
4,10,799,623070.7922549488,779.8132568897981,0.0,bridge_wait_time
5,1,799,820695.0430849912,1027.152744787223,0.0,bridge_wait_time
5,2,799,833213.9367407404,1042.8209471098128,0.0,bridge_wait_time
5,3,799,849927.9811057318,1063.739650945847,0.0,bridge_wait_time
5,4,799,850920.5200362984,1064.9818773921131,0.0,bridge_wait_time
5,5,799,828008.6104459228,1036.306145739578,0.0,bridge_wait_time
5,6,799,847745.0687784997,1061.007595467459,0.0,bridge_wait_time
5,7,799,873743.5082964738,1093.5463182684277,0.0,bridge_wait_time
5,8,799,813288.8959372067,1017.8834742643388,0.0,bridge_wait_time
5,9,799,845077.4878590087,1057.6689460062687,0.0,bridge_wait_time
5,10,799,859579.1648084107,1075.8187294222912,0.0,bridge_wait_time
6,1,799,1562742.917598126,1955.873488858731,0.0,bridge_wait_time
6,2,799,1600232.8013377618,2002.7944947906906,0.0,bridge_wait_time
6,3,799,1607782.1027649213,2012.2429321213033,0.0,bridge_wait_time
6,4,799,1605507.8156967107,2009.3965152649696,0.0,bridge_wait_time
6,5,799,1571482.683121154,1966.8118687373644,0.0,bridge_wait_time
6,6,799,1618127.8380585709,2025.1912866815655,0.0,bridge_wait_time
6,7,799,1632229.1062787666,2042.8399327644138,0.0,bridge_wait_time
6,8,799,1564258.596412111,1957.7704585883744,0.0,bridge_wait_time
6,9,799,1602370.578411692,2005.4700605903531,0.0,bridge_wait_time
6,10,799,1638095.82474226,2050.182509064155,0.0,bridge_wait_time
7,1,799,2321679.6821199865,2905.731767359182,837.1331109580576,bridge_wait_time
7,2,799,2352517.9002238447,2944.32778501107,819.6674975463045,bridge_wait_time
7,3,799,2360787.572879174,2954.6778133656744,817.2436600814883,bridge_wait_time
7,4,799,2360941.8890095535,2954.8709499493784,936.125140669118,bridge_wait_time
7,5,799,2335775.104950009,2923.3730975594603,795.0438257966997,bridge_wait_time
7,6,799,2346682.4214789527,2937.0243072327316,877.3107108643213,bridge_wait_time
7,7,799,2404428.4182415474,3009.2971442322246,830.0720094321485,bridge_wait_time
7,8,799,2329336.924883805,2915.315300230044,827.3190010741956,bridge_wait_time
7,9,799,2339362.889383607,2927.8634410307973,856.9448348575236,bridge_wait_time
7,10,799,2379172.4187418013,2977.6876329684624,882.2014263542954,bridge_wait_time
8,1,799,3854356.109190715,4823.975105370107,1372.1695597316464,bridge_wait_time
8,2,799,3906846.4663061034,4889.670170595874,1510.0051053309965,bridge_wait_time
8,3,799,3859608.0947123813,4830.54830377019,1314.6566295023604,bridge_wait_time
8,4,799,3888760.921561325,4867.034945633698,1368.0535081716114,bridge_wait_time
8,5,799,3859075.4886904145,4829.8817130042735,1300.1369345956423,bridge_wait_time
8,6,799,3894204.9736478385,4873.848527719448,1410.845136418357,bridge_wait_time
8,7,799,3936226.5281232465,4926.4412116686435,1273.877054078372,bridge_wait_time
8,8,799,3855944.7411394175,4825.963380650084,1324.675627119558,bridge_wait_time
8,9,799,3888037.7513814378,4866.129851541224,1293.0883302905702,bridge_wait_time
8,10,799,3909100.0337385326,4892.490655492531,1288.8081021461398,bridge_wait_time
